id,suites,rooms,dorms,bwc,parking_spaces,private_area,total_area,land_area,updated_days,business_type,business_type_id,total,variation,apartment,floor,reference,internal_code,unit_measurement,dream_property,mcmv,academic_regions,digital_fair,digital_fair_id,type,subtype,subtype_name,lot,block,tags,calendars,isBookmark,accommodations,isHighlight,isSuperHighlight,royalty_value,latitude,longitude,commercial_subtype_id,address.complete,address.city_id,address.street,address.number,address.neighborhood,address.city,address.uf,address.complement,media.photo,media.photo_count,advertiser.id,advertiser.logo,advertiser.name,advertiser.creci,advertiser.address.complete,advertiser.address.street,advertiser.address.number,advertiser.address.neighborhood,advertiser.address.city,advertiser.address.state,advertiser.address.complement,advertiser.show_address,advertiser.show_condo,advertiser.show_number,advertiser.show_map,advertiser.subseeon,advertiser.subsee_reference,advertiser.contacts.season.email,advertiser.contacts.season.phone,advertiser.contacts.season.whatsapp,advertiser.contacts.sale.email,advertiser.contacts.sale.phone,advertiser.contacts.sale.whatsapp,advertiser.contacts.rental.email,advertiser.contacts.rental.phone,advertiser.contacts.rental.whatsapp,advertiser.contacts.launch.email,advertiser.contacts.launch.phone,advertiser.contacts.launch.whatsapp,advertiser.addresses.season,advertiser.addresses.rental,advertiser.addresses.launch,advertiser.addresses.sale,condo.id,condo.name
c8188c6f-d068-408f-9dee-560e7f577534,1,,0,1,1,"21,71","54,00","0,00",0,Venda,289fbbf4-6fd3-47db-85fe-e72772efd6c0,"169.000,00",0,307,3,40720004433,00000485,m2,0,0,0,False,,9321def4-9c0f-4088-a9c8-4cf5e5fb3643,1fd8e4f7-722c-453b-91b4-508f095312b7,Apartamento,,,[],[],False,,False,True,0,-23.4094169,-51.9429957,,"Rua Bragança, 43 - Zona 07, Maringá - PR",e430c297-02f1-42b6-ae35-57b8d94b499a,Rua Bragança,43,Zona 07,Maringá,PR,,"[{'id': 'b6c2ddd1-e9e4-4785-9c2b-9fb6ceb51a77', 'description': None, 'url': 'https://media.sub100.com.br/imoveis/407/40720004433/40720004433am.jpg', 'type': 'photo', 'main': 0}, {'id': '3f51ae83-354d-4bc9-9936-ccd9b502979f', 'description': None, 'url': 'https://s3.amazonaws.com/portal-sub100/imoveis/407/40720004433/40720004433b.jpg', 'type': 'photo', 'main': 0}, {'id': '56485340-d328-43c1-a95a-f6bfebcc6050', 'description': None, 'url': 'https://s3.amazonaws.com/portal-sub100/imoveis/407/40720004433/40720004433c.jpg', 'type': 'photo', 'main': 0}, {'id': 'e8861b3c-8a4e-411a-a0a6-40d5189974f5', 'description': None, 'url': 'https://s3.amazonaws.com/portal-sub100/imoveis/407/40720004433/40720004433d.jpg', 'type': 'photo', 'main': 0}, {'id': '55ab6db2-332a-4745-831e-a34dbba72b5b', 'description': None, 'url': 'https://s3.amazonaws.com/portal-sub100/imoveis/407/40720004433/40720004433e.jpg', 'type': 'photo', 'main': 0}]",14,594651f8-0a2d-4c01-bd89-28d06249d958,https://s3.amazonaws.com/portal-sub100/clientes/407.png,Ideal Maringá Imóveis,J5682,"Avenida Guaíra,140 - Zona 07, Maringá - PR",Avenida Guaíra,140,Zona 07,Maringá,PR,,True,True,True,True,True,407,"[{'id': '2668f5a5-6571-4934-8cdd-eebf86c00aaa', 'type': 'email', 'contact': 'contato@idealimoveismga.com.br', 'order': 1}]","[{'id': 'bc06a24e-f8f9-46b7-b173-159fb7807ee1', 'type': 'phone', 'contact': '(44) 3031-2500', 'order': 2}]","[{'id': 'c591d6a7-4f91-45e4-b5f0-55996bcbce0a', 'type': 'whatsapp', 'contact': '(44) 99116-7998', 'order': 3}]","[{'id': '70cc6d94-4c87-4eee-84fa-44782cf5d8a3', 'type': 'email', 'contact': 'vendas@idealimoveismga.com.br', 'order': 1}]","[{'id': '51de0b84-ae3c-4a7e-a0eb-1d7203211e55', 'type': 'phone', 'contact': '(44) 99116-7998', 'order': 2}]","[{'id': '4e14b3c7-b1ef-459c-be47-81dac0e6e962', 'type': 'whatsapp', 'contact': '(44) 99116-7998', 'order': 3}]","[{'id': 'a185ffbf-edeb-42e5-a1eb-d365b6e27959', 'type': 'email', 'contact': 'locacao@idealimoveismga.com.br', 'order': 1}]","[{'id': 'f0993fd0-5ba4-4d23-82bc-2889e6e363ae', 'type': 'phone', 'contact': '(44) 3031-2500', 'order': 2}]","[{'id': 'ddd0cafb-3c75-4750-b14e-0197faea2d4d', 'type': 'whatsapp', 'contact': '(44) 99128-7315', 'order': 3}]","[{'id': 'e8e1e775-e8d0-4dca-a2bb-366fa1484b25', 'type': 'email', 'contact': 'vendas@idealimoveismga.com.br', 'order': 1}]","[{'id': 'b5bcf4c6-386c-4a8c-9d4d-be5b1c39288d', 'type': 'phone', 'contact': '(44) 99116-7998', 'order': 2}]","[{'id': 'e91ca397-cff7-4b32-8a2a-1db9ee02f708', 'type': 'whatsapp', 'contact': '(44) 99116-7998', 'order': 3}]","[{'department': 'Temporada', 'street': 'Avenida Guaíra', 'neighborhood': 'ZONA 07', 'zip_code': '87020050', 'map': 'https://maps.google.com/maps?q=-23.423799344567822,-51.94222468786621&output=embed', 'latitude': '-23.423799344567822', 'longitude': '-51.94222468786621'}]","[{'department': 'Departamento de Locação', 'street': 'Avenida Guaíra', 'neighborhood': 'ZONA 07', 'zip_code': '87020050', 'map': 'https://maps.google.com/maps?q=-23.423799344567822,-51.94222468786621&output=embed', 'latitude': '-23.423799344567822', 'longitude': '-51.94222468786621'}]","[{'department': 'Departamento de Vendas', 'street': 'Avenida Guaíra', 'neighborhood': 'ZONA 07', 'zip_code': '87020050', 'map': 'https://maps.google.com/maps?q=-23.423799344567822,-51.94222468786621&output=embed', 'latitude': '-23.423799344567822', 'longitude': '-51.94222468786621'}]","[{'department': 'Departamento de Vendas', 'street': 'Avenida Guaíra', 'neighborhood': 'ZONA 07', 'zip_code': '87020050', 'map': 'https://maps.google.com/maps?q=-23.423799344567822,-51.94222468786621&output=embed', 'latitude': '-23.423799344567822', 'longitude': '-51.94222468786621'}]",0429a7b4-203c-4a47-89e0-cba288c06704,Chaplin III
172a291d-c8e1-4b92-b9da-bf97c34bf0e1,0,,2,1,1,"47,00","0,00","0,00",1,Venda,289fbbf4-6fd3-47db-85fe-e72772efd6c0,"250.000,00",0,,,21220002706,AP0735,m2,0,0,0,False,,9321def4-9c0f-4088-a9c8-4cf5e5fb3643,1fd8e4f7-722c-453b-91b4-508f095312b7,Apartamento,,,[],[],False,,False,True,0,,,,"Avenida Pioneiro Antonio Ruiz Saldanha,  - Parque Industrial, Maringá - PR",e430c297-02f1-42b6-ae35-57b8d94b499a,Avenida Pioneiro Antonio Ruiz Saldanha,,Parque Industrial,Maringá,PR,,"[{'id': '91307cf3-5340-4dc4-959b-913d9d46e975', 'description': None, 'url': 'https://media.sub100.com.br/imoveis/212/21220002706/21220002706am.jpg', 'type': 'photo', 'main': 0}, {'id': 'c15edd6f-4d81-4a4b-8b29-ebb527422b88', 'description': None, 'url': 'https://s3.amazonaws.com/portal-sub100/imoveis/212/21220002706/21220002706b.jpg', 'type': 'photo', 'main': 0}, {'id': '16cc0a21-276a-4a03-a89b-5ed9f570d7a6', 'description': None, 'url': 'https://s3.amazonaws.com/portal-sub100/imoveis/212/21220002706/21220002706c.jpg', 'type': 'photo', 'main': 0}, {'id': '3fb0f7bf-d9b8-473b-b8af-6fc1ad04ab89', 'description': None, 'url': 'https://s3.amazonaws.com/portal-sub100/imoveis/212/21220002706/21220002706d.jpg', 'type': 'photo', 'main': 0}, {'id': '41e69ac5-5e66-4289-aa4e-867e791037e0', 'description': None, 'url': 'https://s3.amazonaws.com/portal-sub100/imoveis/212/21220002706/21220002706e.jpg', 'type': 'photo', 'main': 0}]",27,904bf4e6-39d9-46d4-b5c8-51dec9516ccc,https://s3.amazonaws.com/portal-sub100/clientes/212.png,Imobiliária Herval,J7137,"Avenida Herval,999, Sala 05 - Zona 07, Maringá - PR",Avenida Herval,999,Zona 07,Maringá,PR,Sala 05,True,True,False,True,False,212,"[{'id': '1b300067-2c80-49a8-801a-0bfb4912e73f', 'type': 'email', 'contact': 'contato@imobiliariaherval.com.br', 'order': 1}]","[{'id': '3db884c6-3776-4d6d-84c3-219de4cd1b9a', 'type': 'phone', 'contact': '(44) 99992-8453', 'order': 2}]","[{'id': '6357d9ac-47ba-4e95-ba3e-07f4d1f11945', 'type': 'whatsapp', 'contact': '(44) 99992-8453', 'order': 3}]","[{'id': '9ef74080-f191-4852-9978-cfaca476c554', 'type': 'email', 'contact': 'imobiliariaherval@contact2sale.com', 'order': 1}]","[{'id': 'c1f237e1-3624-4d52-a7a8-f9e12124abdc', 'type': 'phone', 'contact': '(44) 3226-2626', 'order': 2}]","[{'id': 'e668a995-0f22-4a3f-b8a0-54ab3f08e26e', 'type': 'whatsapp', 'contact': '(44) 99992-8453', 'order': 3}]","[{'id': 'a053c39b-0eac-4fb1-8a70-cdc3e9694a43', 'type': 'email', 'contact': 'imobiliariaherval@contact2sale.com', 'order': 1}]","[{'id': 'f4619a2e-bf75-41f5-8139-6df4a967c89b', 'type': 'phone', 'contact': '(44) 3226-2626', 'order': 2}]","[{'id': '1b215233-9200-4d71-af1e-72a11da8939f', 'type': 'whatsapp', 'contact': '(44) 99992-8453', 'order': 3}]","[{'id': '04116744-9d50-4575-ad37-47bd1ddc136a', 'type': 'email', 'contact': 'contato@imobiliariaherval.com.br', 'order': 1}]","[{'id': 'b6a02ec9-4b32-4dbb-8f69-5b24b124728a', 'type': 'phone', 'contact': '(44) 99992-8453', 'order': 2}]","[{'id': 'd187c87b-af1f-4391-b5b9-808c1a9a1566', 'type': 'whatsapp', 'contact': '(44) 99992-8453', 'order': 3}]","[{'department': 'Temporada', 'street': 'Avenida Herval', 'neighborhood': 'ZONA 07', 'zip_code': '87020016', 'map': 'https://maps.google.com/maps?q=-23.416581106877473,-51.936761849999996&output=embed', 'latitude': '-23.416581106877473', 'longitude': '-51.936761849999996'}]","[{'department': 'Departamento de Locação', 'street': 'Avenida Herval', 'neighborhood': 'ZONA 07', 'zip_code': '87020016', 'map': 'https://maps.google.com/maps?q=-23.416581106877473,-51.936761849999996&output=embed', 'latitude': '-23.416581106877473', 'longitude': '-51.936761849999996'}]","[{'department': 'Lançamento', 'street': 'Avenida Herval', 'neighborhood': 'ZONA 07', 'zip_code': '87020016', 'map': 'https://maps.google.com/maps?q=-23.416581106877473,-51.936761849999996&output=embed', 'latitude': '-23.416581106877473', 'longitude': '-51.936761849999996'}]","[{'department': 'Departamento de Vendas', 'street': 'Avenida Herval', 'neighborhood': 'ZONA 07', 'zip_code': '87020016', 'map': 'https://maps.google.com/maps?q=-23.416581106877473,-51.936761849999996&output=embed', 'latitude': '-23.416581106877473', 'longitude': '-51.936761849999996'}]",d609f8af-b09b-4b85-873c-b1c1f642faa7,Spazio Mirante do Parque
7f597aa6-de6c-4b6e-a1fa-206f5a8bbe28,1,,1,2,1,"53,50","103,00","0,00",0,Venda,289fbbf4-6fd3-47db-85fe-e72772efd6c0,"288.574,34",0,,3,45420000154,00000141,m2,0,0,0,False,,9321def4-9c0f-4088-a9c8-4cf5e5fb3643,1fd8e4f7-722c-453b-91b4-508f095312b7,Apartamento,,,"[{'name': 'Aceita permuta', 'order': 7}]",[],False,,False,True,1,-23.4154856,-51.9292466,,"Rua Marechal Floriano Peixoto, 237, fundos - vista p/ catedral - Zona 07, Maringá - PR",e430c297-02f1-42b6-ae35-57b8d94b499a,Rua Marechal Floriano Peixoto,237,Zona 07,Maringá,PR,fundos - vista p/ catedral,"[{'id': '9a150e06-404f-4019-ab54-c91c58ec1cd1', 'description': None, 'url': 'https://media.sub100.com.br/imoveis/454/45420000154/45420000154am.jpg', 'type': 'photo', 'main': 0}, {'id': '460abcad-57a6-4bc9-844f-ded300871ab7', 'description': None, 'url': 'https://s3.amazonaws.com/portal-sub100/imoveis/454/45420000154/45420000154b.jpg', 'type': 'photo', 'main': 0}, {'id': '7cae7491-6a04-44e9-9509-0d2a5b438d9f', 'description': None, 'url': 'https://s3.amazonaws.com/portal-sub100/imoveis/454/45420000154/45420000154c.jpg', 'type': 'photo', 'main': 0}, {'id': '8e579719-0aa9-4541-983b-6980ea101816', 'description': None, 'url': 'https://s3.amazonaws.com/portal-sub100/imoveis/454/45420000154/45420000154d.jpg', 'type': 'photo', 'main': 0}, {'id': '044a8436-a6c8-4272-9a3c-713b41757cc6', 'description': None, 'url': 'https://s3.amazonaws.com/portal-sub100/imoveis/454/45420000154/45420000154e.jpg', 'type': 'photo', 'main': 0}]",11,d62e1892-d69b-4d7a-ab9d-bd2d286a38f7,https://s3.amazonaws.com/portal-sub100/clientes/454.png,Elson Maia Corretor de Imóveis,F20466,"Rua Pará,1917 - Jardim Imperial II, Maringá - PR",Rua Pará,1917,Jardim Imperial II,Maringá,PR,,True,True,True,True,True,454,"[{'id': 'e4df684b-a550-4d9f-bbd1-1404e67ca524', 'type': 'email', 'contact': 'e.maia@elsonmaiacorretordeimoveis.com.br', 'order': 1}]","[{'id': 'ff56bf3e-fca7-4a94-95a3-5003f0dbe1ed', 'type': 'phone', 'contact': '(44) 99972-1225', 'order': 2}]","[{'id': 'b5f6abf5-10c3-4aa6-8525-79462babc827', 'type': 'whatsapp', 'contact': '(44) 99972-1225', 'order': 3}]","[{'id': '9418dc35-91b8-4b1e-8c72-0df396da8ae9', 'type': 'email', 'contact': 'e.maia@elsonmaiacorretordeimoveis.com.br', 'order': 1}]","[{'id': 'a30eb190-a220-4eb3-9437-4da9eb45463e', 'type': 'phone', 'contact': '(44) 99972-1225', 'order': 2}]","[{'id': 'b0418da9-1f21-42d8-9983-ec79b35f506f', 'type': 'whatsapp', 'contact': '(44) 99972-1225', 'order': 3}]","[{'id': '0fc752a5-0739-4d21-85c2-aa7eb67761b5', 'type': 'email', 'contact': 'e.maia@elsonmaiacorretordeimoveis.com.br', 'order': 1}]","[{'id': 'bc7be401-2913-4003-9f3d-1239e1ed7783', 'type': 'phone', 'contact': '(44) 99972-1225', 'order': 2}]","[{'id': 'ba50f7c1-dee4-463c-9986-9e9314e21a33', 'type': 'whatsapp', 'contact': '(44) 99972-1225', 'order': 3}]","[{'id': '1b5b019c-e52b-4a60-a00e-a45ab616d1ad', 'type': 'email', 'contact': 'e.maia@elsonmaiacorretordeimoveis.com.br', 'order': 1}]","[{'id': '9f9c728c-679c-4a47-9df7-e903a0ccc95c', 'type': 'phone', 'contact': '(44) 99972-1225', 'order': 2}]","[{'id': '53ab6c57-4466-4c9b-a6d1-86729c8c5dca', 'type': 'whatsapp', 'contact': '(44) 99972-1225', 'order': 3}]","[{'department': 'Temporada', 'street': 'Rua Pará', 'neighborhood': 'JD IMPERIAL II', 'zip_code': '87023031', 'map': 'https://maps.google.com/maps?q=-23.3938225,-51.9379379&output=embed', 'latitude': '-23.3938225', 'longitude': '-51.9379379'}]","[{'department': 'Departamento de Locação', 'street': 'Rua Pará', 'neighborhood': 'JD IMPERIAL II', 'zip_code': '87023031', 'map': 'https://maps.google.com/maps?q=-23.3938225,-51.9379379&output=embed', 'latitude': '-23.3938225', 'longitude': '-51.9379379'}]","[{'department': 'Lançamento', 'street': 'Rua Pará', 'neighborhood': 'JD IMPERIAL II', 'zip_code': '87023031', 'map': 'https://maps.google.com/maps?q=-23.3938225,-51.9379379&output=embed', 'latitude': '-23.3938225', 'longitude': '-51.9379379'}]","[{'department': 'Departamento de Vendas', 'street': 'Rua Pará', 'neighborhood': 'JD IMPERIAL II', 'zip_code': '87023031', 'map': 'https://maps.google.com/maps?q=-23.3938225,-51.9379379&output=embed', 'latitude': '-23.3938225', 'longitude': '-51.9379379'}]",8c4f2c2f-cc9c-4d56-8a5e-01b362ca47e0,Amélia Barão
ae718b27-aca2-4192-b88b-1e7adea61c31,0,,2,1,1,"54,24","78,48","0,00",0,Venda,289fbbf4-6fd3-47db-85fe-e72772efd6c0,"300.000,00",0,807,8,39720000056,00000061,m2,0,0,1,False,,9321def4-9c0f-4088-a9c8-4cf5e5fb3643,1fd8e4f7-722c-453b-91b4-508f095312b7,Apartamento,,,"[{'name': 'Financiável', 'order': 6}]",[],False,,False,True,0,-23.4019932,-51.9303597,,"Rua Olímpio Mendes da Rocha, 355 - Vila Esperança, Maringá - PR",e430c297-02f1-42b6-ae35-57b8d94b499a,Rua Olímpio Mendes da Rocha,355,Vila Esperança,Maringá,PR,,"[{'id': 'ccba438b-dadc-453e-a927-f8e29b73bcf8', 'description': None, 'url': 'https://media.sub100.com.br/imoveis/397/39720000056/39720000056am.jpg', 'type': 'photo', 'main': 0}, {'id': '9843fb35-b7d5-4138-9a50-5f67bdd7905f', 'description': None, 'url': 'https://s3.amazonaws.com/portal-sub100/imoveis/397/39720000056/39720000056b.jpg', 'type': 'photo', 'main': 0}, {'id': 'a960889c-1cfa-4ac1-9e07-eb33788b9c22', 'description': None, 'url': 'https://s3.amazonaws.com/portal-sub100/imoveis/397/39720000056/39720000056c.jpg', 'type': 'photo', 'main': 0}, {'id': 'f6c13dc4-e980-44ef-91a0-3aebd81deaef', 'description': None, 'url': 'https://s3.amazonaws.com/portal-sub100/imoveis/397/39720000056/39720000056d.jpg', 'type': 'photo', 'main': 0}, {'id': 'f302a62a-b110-4193-923a-616b07f87f63', 'description': None, 'url': 'https://s3.amazonaws.com/portal-sub100/imoveis/397/39720000056/39720000056e.jpg', 'type': 'photo', 'main': 0}]",20,08018cc3-a9bc-41b7-ace9-a329743bf1c5,https://s3.amazonaws.com/portal-sub100/clientes/397.png,Gisa Giseli Corretora de Imóveis,F42671,"Rua Vitória,424, Sala 03 - Vila Esperança, Maringá - PR",Rua Vitória,424,Vila Esperança,Maringá,PR,Sala 03,True,True,True,True,True,397,"[{'id': '7a6df618-bdbb-4660-942d-59f5ca6e4f54', 'type': 'email', 'contact': 'gisasantos2109@gmail.com', 'order': 1}]","[{'id': '4edecc49-3efd-45ec-8440-fbd54d3d3d8d', 'type': 'phone', 'contact': '(44) 99117-4480', 'order': 2}]","[{'id': '12686e5b-10d7-4f65-853f-fbe9896140c0', 'type': 'whatsapp', 'contact': '(44) 99117-4480', 'order': 3}]","[{'id': '39901377-ee75-42c3-8b33-9f26bd13ae1b', 'type': 'email', 'contact': 'gisasantos2109@gmail.com', 'order': 1}]","[{'id': '8e4ec52f-ea3c-4303-abea-d3a8d09c0f37', 'type': 'phone', 'contact': '(44) 99117-4480', 'order': 2}]","[{'id': 'b5fb7169-0b57-40bb-9741-6572b84e9bff', 'type': 'whatsapp', 'contact': '(44) 99117-4480', 'order': 3}]","[{'id': '61154d63-3f00-42bb-9505-618f45a22ec1', 'type': 'email', 'contact': 'gisasantos2109@gmail.com', 'order': 1}]","[{'id': '13dce147-b7cd-4b4d-a2a4-031c895b7dd2', 'type': 'phone', 'contact': '(44) 99117-4480', 'order': 2}]","[{'id': '14502a78-ebf6-4a79-908e-66a90a3ff294', 'type': 'whatsapp', 'contact': '(44) 99117-4480', 'order': 3}]","[{'id': 'd0b15bdc-7d28-4515-aef7-1ef38ced3d92', 'type': 'email', 'contact': 'gisasantos2109@gmail.com', 'order': 1}]","[{'id': '88de0b04-7a0b-4c57-8425-f23aa0f6b3bb', 'type': 'phone', 'contact': '(44) 99117-4480', 'order': 2}]","[{'id': '55e65280-5f32-4484-8428-586e98ee9a28', 'type': 'whatsapp', 'contact': '(44) 99117-4480', 'order': 3}]","[{'department': 'Temporada', 'street': 'Rua Vitória', 'neighborhood': 'VILA ESPERANÇA', 'zip_code': '87020320', 'map': 'https://maps.google.com/maps?q=-23.403743,-51.9335692&output=embed', 'latitude': '-23.403743', 'longitude': '-51.9335692'}]","[{'department': 'Departamento de Locação', 'street': 'Rua Vitória', 'neighborhood': 'VILA ESPERANÇA', 'zip_code': '87020320', 'map': 'https://maps.google.com/maps?q=-23.403743,-51.9335692&output=embed', 'latitude': '-23.403743', 'longitude': '-51.9335692'}]","[{'department': 'Departamento de Vendas', 'street': 'Rua Vitória', 'neighborhood': 'VILA ESPERANÇA', 'zip_code': '87020320', 'map': 'https://maps.google.com/maps?q=-23.403743,-51.9335692&output=embed', 'latitude': '-23.403743', 'longitude': '-51.9335692'}]","[{'department': 'Departamento de Vendas', 'street': 'Rua Vitória', 'neighborhood': 'VILA ESPERANÇA', 'zip_code': '87020320', 'map': 'https://maps.google.com/maps?q=-23.403743,-51.9335692&output=embed', 'latitude': '-23.403743', 'longitude': '-51.9335692'}]",71567ad1-fc03-4c34-8470-e2eba041c33e,Residencial Martinelli
22abfebf-bd76-4afb-ad91-4992d3144dde,1,,2,2,1,"68,71","88,75","0,00",0,Venda,289fbbf4-6fd3-47db-85fe-e72772efd6c0,"309.000,00",0,12,1,420001626,00000310,m2,0,0,0,False,,9321def4-9c0f-4088-a9c8-4cf5e5fb3643,1fd8e4f7-722c-453b-91b4-508f095312b7,Apartamento,,,"[{'name': 'Financiável', 'order': 6}]",[],False,,False,True,0,-23.43525870420274,-51.925595052639764,,"Rua Marciano Halchuk, 356, bloco g - Vila Bosque, Maringá - PR",e430c297-02f1-42b6-ae35-57b8d94b499a,Rua Marciano Halchuk,356,Vila Bosque,Maringá,PR,bloco g,"[{'id': 'f9077646-4ac3-410e-a5e8-3d239657982d', 'description': None, 'url': 'https://media.sub100.com.br/imoveis/4/420001626/420001626am.jpg', 'type': 'photo', 'main': 0}, {'id': '8f5d166c-0936-49ec-bdb8-b860143b68dd', 'description': None, 'url': 'https://s3.amazonaws.com/portal-sub100/imoveis/4/420001626/420001626b.jpg', 'type': 'photo', 'main': 0}, {'id': 'e1e08145-2f1c-43da-afe3-78ad040ae55b', 'description': None, 'url': 'https://s3.amazonaws.com/portal-sub100/imoveis/4/420001626/420001626c.jpg', 'type': 'photo', 'main': 0}, {'id': '422028f5-f2ea-44ce-ba5c-08b6671b9dc9', 'description': None, 'url': 'https://s3.amazonaws.com/portal-sub100/imoveis/4/420001626/420001626d.jpg', 'type': 'photo', 'main': 0}, {'id': '89f65cfa-553c-4db2-ad32-4f1684683bfd', 'description': None, 'url': 'https://s3.amazonaws.com/portal-sub100/imoveis/4/420001626/420001626e.jpg', 'type': 'photo', 'main': 0}]",30,befaac6a-9bf6-4540-a2b7-2c4899a6c484,https://s3.amazonaws.com/portal-sub100/clientes/4.png,Bellakaza Negócios Imobiliários,J03051,"Avenida Tiradentes,25 - Zona 02, Maringá - PR",Avenida Tiradentes,25,Zona 02,Maringá,PR,,True,True,True,True,True,4,"[{'id': '6d5d2ac1-6055-4fd6-9c87-d996f43ec45f', 'type': 'email', 'contact': 'venda@bellakaza.com.br', 'order': 1}]","[{'id': '0fd00269-6a50-4c92-a0f9-94da7a0f32da', 'type': 'phone', 'contact': '(44) 3032-3100', 'order': 2}]","[{'id': 'f73550d8-29e8-4424-9749-2b617f87031d', 'type': 'whatsapp', 'contact': '(44) 3032-3100', 'order': 3}]","[{'id': '10f77a77-65d0-42dd-aa88-ff3b6cec1449', 'type': 'email', 'contact': 'vendas@bellakaza.com.br', 'order': 1}]","[{'id': 'c48260dd-d248-47ed-b3e1-24730c942b91', 'type': 'phone', 'contact': '(44) 3032-3100', 'order': 2}]","[{'id': 'b37821c7-255f-4d4f-945d-0009263a19eb', 'type': 'whatsapp', 'contact': '(44) 3032-3100', 'order': 3}]","[{'id': 'c1143331-66bd-4e0b-adb7-b5e04e57eea0', 'type': 'email', 'contact': 'vendas@bellakaza.com.br', 'order': 1}]","[{'id': '7edfcd4d-d1ac-4417-b22e-1f43f42a55ab', 'type': 'phone', 'contact': '(44) 3032-3100', 'order': 2}]","[{'id': '11570dc5-ab7a-4c00-bf4f-f1bdb7c9642a', 'type': 'whatsapp', 'contact': '(44) 3032-3100', 'order': 3}]","[{'id': '3965310e-06b0-4d21-996f-9e5b21ee8414', 'type': 'email', 'contact': 'vendas@bellakaza.com.br', 'order': 1}]","[{'id': '7f25ea4b-4707-4cd7-ba59-cac178bd7e27', 'type': 'phone', 'contact': '(44) 3032-3100', 'order': 2}]","[{'id': '4411c23c-29b1-484d-a8ef-0634628c0cbe', 'type': 'whatsapp', 'contact': '(44) 3032-3100', 'order': 3}]","[{'department': 'Temporada', 'street': 'Avenida Tiradentes', 'neighborhood': 'Zona 02', 'zip_code': '87013340', 'map': 'https://maps.google.com/maps?q=-23.42575986651494,-51.933364183195785&output=embed', 'latitude': '-23.42575986651494', 'longitude': '-51.933364183195785'}]","[{'department': 'Departamento de Locação', 'street': 'Avenida Tiradentes', 'neighborhood': 'Zona 02', 'zip_code': '87013340', 'map': 'https://maps.google.com/maps?q=-23.42575986651494,-51.933364183195785&output=embed', 'latitude': '-23.42575986651494', 'longitude': '-51.933364183195785'}]","[{'department': 'Departamento de Vendas', 'street': 'Avenida Tiradentes', 'neighborhood': 'Zona 02', 'zip_code': '87013340', 'map': 'https://maps.google.com/maps?q=-23.42575986651494,-51.933364183195785&output=embed', 'latitude': '-23.42575986651494', 'longitude': '-51.933364183195785'}]","[{'department': 'Departamento de Vendas', 'street': 'Avenida Tiradentes', 'neighborhood': 'Zona 02', 'zip_code': '87013340', 'map': 'https://maps.google.com/maps?q=-23.42575986651494,-51.933364183195785&output=embed', 'latitude': '-23.42575986651494', 'longitude': '-51.933364183195785'}]",fddbeb3d-906e-4a00-b990-350578686cdb,Guarita
ff4b63b9-994b-42a3-9503-7f2786db6c87,1,,2,0,1,"85,00","0,00","0,00",1,Venda,289fbbf4-6fd3-47db-85fe-e72772efd6c0,"310.000,00",0,,,98920000200,AP0114,m2,0,0,0,False,,9321def4-9c0f-4088-a9c8-4cf5e5fb3643,1fd8e4f7-722c-453b-91b4-508f095312b7,Apartamento,,,[],[],False,,False,True,0,-23.4143524169921880000000000,-51.9362335205078100000000000,,",  - Zona 07, Maringá - PR",e430c297-02f1-42b6-ae35-57b8d94b499a,,,Zona 07,Maringá,PR,,"[{'id': '948b7483-b953-4b37-9065-654c87f78757', 'description': None, 'url': 'https://media.sub100.com.br/imoveis/989/98920000200/98920000200am.jpg', 'type': 'photo', 'main': 0}, {'id': 'b0b7361d-476c-4a9d-bcc0-f2dab199ed21', 'description': None, 'url': 'https://s3.amazonaws.com/portal-sub100/imoveis/989/98920000200/98920000200b.jpg', 'type': 'photo', 'main': 0}, {'id': '353612c0-3264-40c1-a815-0d7d7b1315df', 'description': None, 'url': 'https://s3.amazonaws.com/portal-sub100/imoveis/989/98920000200/98920000200c.jpg', 'type': 'photo', 'main': 0}, {'id': 'ac020e05-6025-4842-a748-3518a1a080f1', 'description': None, 'url': 'https://s3.amazonaws.com/portal-sub100/imoveis/989/98920000200/98920000200d.jpg', 'type': 'photo', 'main': 0}, {'id': '248620b9-bde1-423b-aea9-7189da223f8f', 'description': None, 'url': 'https://s3.amazonaws.com/portal-sub100/imoveis/989/98920000200/98920000200e.jpg', 'type': 'photo', 'main': 0}]",17,95dc6811-bf4b-4c05-83de-f268b715333e,https://s3.amazonaws.com/portal-sub100/clientes/989.png,GR21 Empreendimentos Imobiliários,J8219,"Avenida Carneiro Leão,563, Centro Empresarial Le Monde - sala 1508 - Zona 04, Maringá - PR",Avenida Carneiro Leão,563,Zona 04,Maringá,PR,Centro Empresarial Le Monde - sala 1508,False,True,False,True,False,989,"[{'id': '46c51482-e477-4f93-93ac-49210222f6ac', 'type': 'email', 'contact': 'rafael@gr21imoveis.com.br', 'order': 1}]","[{'id': '02891aec-35e5-425f-a1c5-dfdffa244f2f', 'type': 'phone', 'contact': '(44) 99132-3939', 'order': 2}]","[{'id': '7b0f0a2d-3110-4f11-97ad-0f3eb04f8b3f', 'type': 'whatsapp', 'contact': '(44) 99132-3939', 'order': 3}]","[{'id': 'a19ce571-d9c4-4eb4-b597-6658f1b4f28e', 'type': 'email', 'contact': 'rafael@gr21imoveis.com.br', 'order': 1}]","[{'id': 'c7d93b02-1334-43f3-86ed-b4085724580c', 'type': 'phone', 'contact': '(44) 99132-3939', 'order': 2}]","[{'id': 'fd64d6d7-d77e-4d51-960f-8c81ae0cda85', 'type': 'whatsapp', 'contact': '(44) 99132-3939', 'order': 3}]","[{'id': 'aec58448-6d7f-4e7b-97cf-855689b93006', 'type': 'email', 'contact': 'gabriela@gr21imoveis.com.br', 'order': 1}]","[{'id': 'fad950b8-fe92-447b-b3ff-81123e84aaaf', 'type': 'phone', 'contact': '(44) 99132-3939', 'order': 2}]","[{'id': '29ba8ae7-655b-422d-b92a-832c00dd43a4', 'type': 'whatsapp', 'contact': '(44) 99132-3939', 'order': 3}]","[{'id': '2a4e86cd-b19f-420b-902f-bd2a7fd5b3ae', 'type': 'email', 'contact': 'rafael@gr21imoveis.com.br', 'order': 1}]","[{'id': '0bc63c4d-fe58-427c-b146-c1e5a1a0dbb0', 'type': 'phone', 'contact': '(44) 99132-3939', 'order': 2}]","[{'id': '0f5ecc1b-4b50-4664-a331-4659329cfcab', 'type': 'whatsapp', 'contact': '(44) 99132-3939', 'order': 3}]","[{'department': 'Temporada', 'street': 'Avenida Carneiro Leão', 'neighborhood': 'ZONA 04', 'zip_code': '87014042', 'map': 'https://maps.google.com/maps?q=-23.419938721585257,-51.94917858280334&output=embed', 'latitude': '-23.419938721585257', 'longitude': '-51.94917858280334'}]","[{'department': 'Departamento de Locação', 'street': 'Avenida Carneiro Leão', 'neighborhood': 'ZONA 04', 'zip_code': '87014042', 'map': 'https://maps.google.com/maps?q=-23.419938721585257,-51.94917858280334&output=embed', 'latitude': '-23.419938721585257', 'longitude': '-51.94917858280334'}]","[{'department': 'Departamento de Vendas', 'street': 'Avenida Carneiro Leão', 'neighborhood': 'ZONA 04', 'zip_code': '87014042', 'map': 'https://maps.google.com/maps?q=-23.419938721585257,-51.94917858280334&output=embed', 'latitude': '-23.419938721585257', 'longitude': '-51.94917858280334'}]","[{'department': 'Departamento de Vendas', 'street': 'Avenida Carneiro Leão', 'neighborhood': 'ZONA 04', 'zip_code': '87014042', 'map': 'https://maps.google.com/maps?q=-23.419938721585257,-51.94917858280334&output=embed', 'latitude': '-23.419938721585257', 'longitude': '-51.94917858280334'}]",7358ba31-006d-4d67-9b35-7e3ab4847bb0,Granville
007c2d64-8eb4-492c-8010-98da097f3f68,0,,2,1,1,"49,00","60,00","60,00",0,Venda,289fbbf4-6fd3-47db-85fe-e72772efd6c0,"330.000,00",0,,6,64320000055,70,m2,0,0,0,False,,9321def4-9c0f-4088-a9c8-4cf5e5fb3643,1fd8e4f7-722c-453b-91b4-508f095312b7,Apartamento,,,[],[],False,,False,True,0,,,,"Avenida Pioneiro Antonio Ruiz Saldanha, 1733, 605 - Jardim das Estações, Maringá - PR",e430c297-02f1-42b6-ae35-57b8d94b499a,Avenida Pioneiro Antonio Ruiz Saldanha,1733,Jardim das Estações,Maringá,PR,605,"[{'id': '1d4fc30f-0eb2-4730-8d44-bad242b91ae5', 'description': None, 'url': 'https://media.sub100.com.br/imoveis/643/64320000055/64320000055am.jpg', 'type': 'photo', 'main': 0}, {'id': '3f2a50fb-9f40-49b1-8e5d-812c6805e919', 'description': None, 'url': 'https://s3.amazonaws.com/portal-sub100/imoveis/643/64320000055/64320000055b.jpg', 'type': 'photo', 'main': 0}, {'id': 'ec3f7928-a70f-4dbb-8503-acfcc576c7f0', 'description': None, 'url': 'https://s3.amazonaws.com/portal-sub100/imoveis/643/64320000055/64320000055c.jpg', 'type': 'photo', 'main': 0}, {'id': 'd0621b80-117f-4770-afda-bc14e0b40b48', 'description': None, 'url': 'https://s3.amazonaws.com/portal-sub100/imoveis/643/64320000055/64320000055d.jpg', 'type': 'photo', 'main': 0}, {'id': '83b7095d-dc44-4e35-8e34-96ba9aea70ce', 'description': None, 'url': 'https://s3.amazonaws.com/portal-sub100/imoveis/643/64320000055/64320000055e.jpg', 'type': 'photo', 'main': 0}]",14,90accf88-28cc-4b04-8981-7b12d68c315e,https://s3.amazonaws.com/portal-sub100/clientes/643.png,Casa Dom Imóveis,J10494,"Avenida Cerro Azul,2.879 - Jardim Novo Horizonte, Maringá - PR",Avenida Cerro Azul,2.879,Jardim Novo Horizonte,Maringá,PR,,True,True,True,True,False,643,"[{'id': 'd9a07bac-2ebb-4915-83d8-751d2bbd9ceb', 'type': 'email', 'contact': 'maycon.y.domingues@gmail.com', 'order': 1}]","[{'id': '0cd90f16-d53b-466b-80c7-d6296eeb7577', 'type': 'phone', 'contact': '(44) 99142-1672', 'order': 2}]","[{'id': '2f9ff567-db89-4bc9-8427-27962bb2ecac', 'type': 'whatsapp', 'contact': '(44) 99121-1459', 'order': 3}]","[{'id': '224959aa-6789-4000-845d-85f3237fbec5', 'type': 'email', 'contact': 'maycon.y.domingues@gmail.com', 'order': 1}]","[{'id': '48a23290-d3fa-4130-8bd9-3239221b1daf', 'type': 'phone', 'contact': '(44) 99121-1459', 'order': 2}]","[{'id': '76ea31ff-358f-4835-9c8e-24aa2aa32d7f', 'type': 'whatsapp', 'contact': '(44) 99121-1459', 'order': 3}]","[{'id': 'dd943b2a-f9ef-48e4-b19c-f69a29cc8d1b', 'type': 'email', 'contact': 'maycon.y.domingues@gmail.com', 'order': 1}]","[{'id': '4cad1b51-2214-4ec8-85f1-c5169cf446cc', 'type': 'phone', 'contact': '(44) 99142-1672', 'order': 2}]","[{'id': 'bd4022af-4b6b-4206-b603-16ddc45bf59b', 'type': 'whatsapp', 'contact': '(44) 99142-1672', 'order': 3}]","[{'id': '3db73895-123d-465d-b017-48518797f5ef', 'type': 'email', 'contact': 'maycon.y.domingues@gmail.com', 'order': 1}]","[{'id': '94fd36e9-a912-4945-b659-758cd1133545', 'type': 'phone', 'contact': '(44) 99142-1672', 'order': 2}]","[{'id': 'ed03b5e0-ca67-4f32-a901-eb439a26e3fc', 'type': 'whatsapp', 'contact': '(44) 99142-1672', 'order': 3}]","[{'department': 'Temporada', 'street': 'Avenida Cerro Azul', 'neighborhood': 'Novo Horizonte', 'zip_code': '87010055', 'map': 'https://maps.google.com/maps?q=-23.45269490875318,-51.931986567704705&output=embed', 'latitude': '-23.45269490875318', 'longitude': '-51.931986567704705'}]","[{'department': 'Departamento de Locação', 'street': 'Avenida Cerro Azul', 'neighborhood': 'Novo Horizonte', 'zip_code': '87010055', 'map': 'https://maps.google.com/maps?q=-23.45269490875318,-51.931986567704705&output=embed', 'latitude': '-23.45269490875318', 'longitude': '-51.931986567704705'}]","[{'department': 'Departamento Lançamento', 'street': 'Avenida Cerro Azul', 'neighborhood': 'Novo Horizonte', 'zip_code': '87010055', 'map': 'https://maps.google.com/maps?q=-23.45269490875318,-51.931986567704705&output=embed', 'latitude': '-23.45269490875318', 'longitude': '-51.931986567704705'}]","[{'department': 'Departamento de Vendas', 'street': 'Avenida Cerro Azul', 'neighborhood': 'Novo Horizonte', 'zip_code': '87010055', 'map': 'https://maps.google.com/maps?q=-23.45269490875318,-51.931986567704705&output=embed', 'latitude': '-23.45269490875318', 'longitude': '-51.931986567704705'}]",3e4a2549-1ac2-4bcb-ba5f-bd0d2196ca76,Residencial Portal do Japão
7020c09a-9328-4fd7-9106-2f8b63d56f81,0,,2,2,2,"0,00","114,00","183,00",0,Venda,289fbbf4-6fd3-47db-85fe-e72772efd6c0,"330.000,00",0,,,64320000062,75,m2,0,0,0,False,,9321def4-9c0f-4088-a9c8-4cf5e5fb3643,29269e8e-6d76-44aa-95aa-d303b294cd6d,Casa,,,[],[],False,,False,True,0,-23.3870424,-51.9004748,,"Rua Pioneiro José de Paula, 396 - Jardim Novo Alvorada, Maringá - PR",e430c297-02f1-42b6-ae35-57b8d94b499a,Rua Pioneiro José de Paula,396,Jardim Novo Alvorada,Maringá,PR,,"[{'id': '90014bde-20a4-431b-92da-896b180a4798', 'description': None, 'url': 'https://media.sub100.com.br/imoveis/643/64320000062/64320000062am.jpg', 'type': 'photo', 'main': 0}, {'id': 'e8182196-fc5d-4d91-a2ec-abe7319d58c0', 'description': None, 'url': 'https://s3.amazonaws.com/portal-sub100/imoveis/643/64320000062/64320000062b.jpg', 'type': 'photo', 'main': 0}, {'id': '1fb5ba67-7f1a-441c-9a2d-e15131f65a2b', 'description': None, 'url': 'https://s3.amazonaws.com/portal-sub100/imoveis/643/64320000062/64320000062c.jpg', 'type': 'photo', 'main': 0}, {'id': '17b57bf0-c862-4654-8a0e-a63e04835c05', 'description': None, 'url': 'https://s3.amazonaws.com/portal-sub100/imoveis/643/64320000062/64320000062d.jpg', 'type': 'photo', 'main': 0}, {'id': 'a5c8d53e-f5b5-4f90-9b3e-a6bbf4e8848b', 'description': None, 'url': 'https://s3.amazonaws.com/portal-sub100/imoveis/643/64320000062/64320000062e.jpg', 'type': 'photo', 'main': 0}]",15,90accf88-28cc-4b04-8981-7b12d68c315e,https://s3.amazonaws.com/portal-sub100/clientes/643.png,Casa Dom Imóveis,J10494,"Avenida Cerro Azul,2.879 - Jardim Novo Horizonte, Maringá - PR",Avenida Cerro Azul,2.879,Jardim Novo Horizonte,Maringá,PR,,True,True,True,True,False,643,"[{'id': 'd9a07bac-2ebb-4915-83d8-751d2bbd9ceb', 'type': 'email', 'contact': 'maycon.y.domingues@gmail.com', 'order': 1}]","[{'id': '0cd90f16-d53b-466b-80c7-d6296eeb7577', 'type': 'phone', 'contact': '(44) 99142-1672', 'order': 2}]","[{'id': '2f9ff567-db89-4bc9-8427-27962bb2ecac', 'type': 'whatsapp', 'contact': '(44) 99121-1459', 'order': 3}]","[{'id': '224959aa-6789-4000-845d-85f3237fbec5', 'type': 'email', 'contact': 'maycon.y.domingues@gmail.com', 'order': 1}]","[{'id': '48a23290-d3fa-4130-8bd9-3239221b1daf', 'type': 'phone', 'contact': '(44) 99121-1459', 'order': 2}]","[{'id': '76ea31ff-358f-4835-9c8e-24aa2aa32d7f', 'type': 'whatsapp', 'contact': '(44) 99121-1459', 'order': 3}]","[{'id': 'dd943b2a-f9ef-48e4-b19c-f69a29cc8d1b', 'type': 'email', 'contact': 'maycon.y.domingues@gmail.com', 'order': 1}]","[{'id': '4cad1b51-2214-4ec8-85f1-c5169cf446cc', 'type': 'phone', 'contact': '(44) 99142-1672', 'order': 2}]","[{'id': 'bd4022af-4b6b-4206-b603-16ddc45bf59b', 'type': 'whatsapp', 'contact': '(44) 99142-1672', 'order': 3}]","[{'id': '3db73895-123d-465d-b017-48518797f5ef', 'type': 'email', 'contact': 'maycon.y.domingues@gmail.com', 'order': 1}]","[{'id': '94fd36e9-a912-4945-b659-758cd1133545', 'type': 'phone', 'contact': '(44) 99142-1672', 'order': 2}]","[{'id': 'ed03b5e0-ca67-4f32-a901-eb439a26e3fc', 'type': 'whatsapp', 'contact': '(44) 99142-1672', 'order': 3}]","[{'department': 'Temporada', 'street': 'Avenida Cerro Azul', 'neighborhood': 'Novo Horizonte', 'zip_code': '87010055', 'map': 'https://maps.google.com/maps?q=-23.45269490875318,-51.931986567704705&output=embed', 'latitude': '-23.45269490875318', 'longitude': '-51.931986567704705'}]","[{'department': 'Departamento de Locação', 'street': 'Avenida Cerro Azul', 'neighborhood': 'Novo Horizonte', 'zip_code': '87010055', 'map': 'https://maps.google.com/maps?q=-23.45269490875318,-51.931986567704705&output=embed', 'latitude': '-23.45269490875318', 'longitude': '-51.931986567704705'}]","[{'department': 'Departamento Lançamento', 'street': 'Avenida Cerro Azul', 'neighborhood': 'Novo Horizonte', 'zip_code': '87010055', 'map': 'https://maps.google.com/maps?q=-23.45269490875318,-51.931986567704705&output=embed', 'latitude': '-23.45269490875318', 'longitude': '-51.931986567704705'}]","[{'department': 'Departamento de Vendas', 'street': 'Avenida Cerro Azul', 'neighborhood': 'Novo Horizonte', 'zip_code': '87010055', 'map': 'https://maps.google.com/maps?q=-23.45269490875318,-51.931986567704705&output=embed', 'latitude': '-23.45269490875318', 'longitude': '-51.931986567704705'}]",,
fe1bab09-8494-4334-85e2-febf6eb00c28,0,,1,1,1,"32,00","68,00","68,00",0,Venda,289fbbf4-6fd3-47db-85fe-e72772efd6c0,"335.000,00",0,,,4720000652,330,m2,0,0,0,False,,9321def4-9c0f-4088-a9c8-4cf5e5fb3643,1fd8e4f7-722c-453b-91b4-508f095312b7,Apartamento,,,[],[],False,,False,True,0,-23.4138577,-51.9416863,,"Rua Campos Sales, 210, apto 303 - Zona 07, Maringá - PR",e430c297-02f1-42b6-ae35-57b8d94b499a,Rua Campos Sales,210,Zona 07,Maringá,PR,apto 303,"[{'id': 'e7de7a26-2459-4f3b-af96-8fd5c24b406d', 'description': None, 'url': 'https://media.sub100.com.br/imoveis/47/4720000652/4720000652am.jpg', 'type': 'photo', 'main': 0}, {'id': '61689573-e094-43c8-a48b-d2fb38db6967', 'description': None, 'url': 'https://s3.amazonaws.com/portal-sub100/imoveis/47/4720000652/4720000652b.jpg', 'type': 'photo', 'main': 0}, {'id': 'c5e5d54c-ecbc-4d13-82aa-402de972a814', 'description': None, 'url': 'https://s3.amazonaws.com/portal-sub100/imoveis/47/4720000652/4720000652c.jpg', 'type': 'photo', 'main': 0}, {'id': 'b135d1e6-fd30-4b84-bb6c-8d4d6e03213d', 'description': None, 'url': 'https://s3.amazonaws.com/portal-sub100/imoveis/47/4720000652/4720000652d.jpg', 'type': 'photo', 'main': 0}, {'id': '2ca75525-4774-469b-9a2f-4e116f93fe14', 'description': None, 'url': 'https://s3.amazonaws.com/portal-sub100/imoveis/47/4720000652/4720000652e.jpg', 'type': 'photo', 'main': 0}]",17,265edb08-e6e5-470e-9e9a-e69814ae23ea,https://s3.amazonaws.com/portal-sub100/clientes/47.png,MZ & Associados,F37309,"Avenida Humaitá,401, Ed Comercial Itaocara Sala 401 - Zona 04, Maringá - PR",Avenida Humaitá,401,Zona 04,Maringá,PR,Ed Comercial Itaocara Sala 401,True,True,True,True,False,47,"[{'id': '4d2b8cfc-47fa-450a-b671-cda64d0153f0', 'type': 'email', 'contact': 'marinazandonade@hotmail.com', 'order': 1}]","[{'id': '9211371d-e3e6-4e6c-8ea4-84a0be1c471d', 'type': 'phone', 'contact': '(44) 99924-6099', 'order': 2}]","[{'id': '229126c0-180e-419b-a3de-b7dc5d815c83', 'type': 'whatsapp', 'contact': '(44) 99924-6099', 'order': 3}]","[{'id': '6a314130-ca80-4599-a06b-609d6fa0be9f', 'type': 'email', 'contact': 'marinazandonade@hotmail.com', 'order': 1}]","[{'id': '9cc1eb1a-adec-4256-a542-1026fda5947d', 'type': 'phone', 'contact': '(44) 99924-6099', 'order': 2}]","[{'id': '20b5ef6f-439d-405a-8e7f-f31a9ffcd8f5', 'type': 'whatsapp', 'contact': '(44) 99924-6099', 'order': 3}]","[{'id': 'e9d715e9-b84f-47d1-9e3e-45b24dc9ca69', 'type': 'email', 'contact': 'marinazandonade@hotmail.com', 'order': 1}]","[{'id': '6cccf522-0da7-46cb-a744-d05bfa277402', 'type': 'phone', 'contact': '(44) 99924-6099', 'order': 2}]","[{'id': 'd57d2ac6-e393-491c-b2f8-e0407d993074', 'type': 'whatsapp', 'contact': '(44) 99924-6099', 'order': 3}]","[{'id': '5e4a814b-56b8-45cd-bed2-13273a8625ad', 'type': 'email', 'contact': 'marinazandonade@hotmail.com', 'order': 1}]","[{'id': '0b1d9321-2acc-47ad-9c7d-cb972387cf91', 'type': 'phone', 'contact': '(44) 99924-6099', 'order': 2}]","[{'id': 'c324e03b-cf02-4a4d-ac5b-6ba2c5148cfe', 'type': 'whatsapp', 'contact': '(44) 99924-6099', 'order': 3}]","[{'department': 'Temporada', 'street': 'Avenida Humaita', 'neighborhood': 'Zona 04', 'zip_code': '87014200', 'map': 'https://maps.google.com/maps?q=-23.431347406882317,-51.950272299999995&output=embed', 'latitude': '-23.431347406882317', 'longitude': '-51.950272299999995'}]","[{'department': 'Dep. Locação', 'street': 'Avenida Humaita', 'neighborhood': 'Zona 04', 'zip_code': '87014200', 'map': 'https://maps.google.com/maps?q=-23.431347406882317,-51.950272299999995&output=embed', 'latitude': '-23.431347406882317', 'longitude': '-51.950272299999995'}]","[{'department': 'Dep. Vendas', 'street': 'Avenida Humaita', 'neighborhood': 'Zona 04', 'zip_code': '87014200', 'map': 'https://maps.google.com/maps?q=-23.431347406882317,-51.950272299999995&output=embed', 'latitude': '-23.431347406882317', 'longitude': '-51.950272299999995'}]","[{'department': 'Dep. Vendas', 'street': 'Avenida Humaita', 'neighborhood': 'Zona 04', 'zip_code': '87014200', 'map': 'https://maps.google.com/maps?q=-23.431347406882317,-51.950272299999995&output=embed', 'latitude': '-23.431347406882317', 'longitude': '-51.950272299999995'}]",965bbed5-bc8a-44af-a172-6386aceed622,Unique Place
541811f7-19f9-40a0-9a2b-c178983d71d0,1,,0,1,1,"52,38","68,21","0,00",0,Venda,289fbbf4-6fd3-47db-85fe-e72772efd6c0,"336.400,00",0,02,Térreo,66920000131,00000140,m2,0,0,0,False,,9321def4-9c0f-4088-a9c8-4cf5e5fb3643,1fd8e4f7-722c-453b-91b4-508f095312b7,Apartamento,,,[],[],False,,False,True,0,-23.453121369942636,-51.93736692009887,,"Rua Pioneiro Marcelino Girotto, 85 - Jardim Itália II, Maringá - PR",e430c297-02f1-42b6-ae35-57b8d94b499a,Rua Pioneiro Marcelino Girotto,85,Jardim Itália II,Maringá,PR,,"[{'id': 'f3cabd43-4c75-4693-86dc-af340f19b647', 'description': None, 'url': 'https://media.sub100.com.br/imoveis/669/66920000131/66920000131am.jpg', 'type': 'photo', 'main': 0}, {'id': 'ffea4913-12b1-4a32-838e-75982afa1d50', 'description': None, 'url': 'https://s3.amazonaws.com/portal-sub100/imoveis/669/66920000131/66920000131b.jpg', 'type': 'photo', 'main': 0}, {'id': '2df38121-5531-4820-b633-242d2f406773', 'description': None, 'url': 'https://s3.amazonaws.com/portal-sub100/imoveis/669/66920000131/66920000131c.jpg', 'type': 'photo', 'main': 0}, {'id': '03b76d82-553f-4a4a-8cd5-c66b6e7ee13e', 'description': None, 'url': 'https://s3.amazonaws.com/portal-sub100/imoveis/669/66920000131/66920000131d.jpg', 'type': 'photo', 'main': 0}, {'id': '5719e9b0-abb0-4bea-a78b-e6233e6f4419', 'description': None, 'url': 'https://s3.amazonaws.com/portal-sub100/imoveis/669/66920000131/66920000131e.jpg', 'type': 'photo', 'main': 0}]",9,9a123f5c-eaad-4cf7-9be2-7692f376cf6d,https://s3.amazonaws.com/portal-sub100/clientes/669.png,WEGG Construtora,F02808,"Avenida Advogado Horácio Raccanello Filho,5200 - Zona 07, Maringá - PR",Avenida Advogado Horácio Raccanello Filho,5200,Zona 07,Maringá,PR,,True,True,True,True,True,669,"[{'id': 'ddac9ebd-12af-4293-81c0-aecba2a8cc98', 'type': 'email', 'contact': 'marketing@wegg.com.br', 'order': 1}]","[{'id': 'e080b684-fe83-4596-9ea8-f154eec2f137', 'type': 'phone', 'contact': '(44) 3028-3589', 'order': 2}]","[{'id': '0e1183f7-3021-476c-9a16-97ba4d95b4c6', 'type': 'whatsapp', 'contact': '(44) 99948-8955', 'order': 3}]","[{'id': 'c870b134-a690-4cec-9fff-9e6c23f23247', 'type': 'email', 'contact': 'portais@wegg.com.br', 'order': 1}]","[{'id': '751d83c9-d5aa-4893-a783-160ff062fb03', 'type': 'phone', 'contact': '(44) 3028-3589', 'order': 2}]","[{'id': '7d66e769-fd4b-4ab1-9983-da69d5799783', 'type': 'whatsapp', 'contact': '(44) 99948-8955', 'order': 3}]","[{'id': '79b77897-5504-429b-9d5d-0bbefcfba1be', 'type': 'email', 'contact': 'portais@wegg.com.br', 'order': 1}]","[{'id': '509f9266-a7a7-4f22-9e97-7453007ffb87', 'type': 'phone', 'contact': '(44) 99881-5350', 'order': 2}]","[{'id': '0d444441-f9d7-4763-87da-f36046deb12c', 'type': 'whatsapp', 'contact': '(44) 99881-5350', 'order': 3}]","[{'id': 'fd1249b8-533d-4da9-80b4-cd2b6a56c9c4', 'type': 'email', 'contact': 'portais@wegg.com.br', 'order': 1}]","[{'id': '2d0fb7d5-257a-4cef-9d57-18ba1a8fd872', 'type': 'phone', 'contact': '(44) 3028-3589', 'order': 2}]","[{'id': 'ad210709-e230-4fd2-bb14-89997f735bab', 'type': 'whatsapp', 'contact': '(44) 99948-8955', 'order': 3}]","[{'department': 'Temporada', 'street': 'Avenida Horácio Racanello Filho', 'neighborhood': 'ZONA 07', 'zip_code': '87020035', 'map': 'https://maps.google.com/maps?q=-23.417065256877606,-51.93177829999999&output=embed', 'latitude': '-23.417065256877606', 'longitude': '-51.93177829999999'}]","[{'department': 'Departamento de Locação', 'street': 'Avenida Horácio Racanello Filho', 'neighborhood': 'ZONA 07', 'zip_code': '87020035', 'map': 'https://maps.google.com/maps?q=-23.417065256877606,-51.93177829999999&output=embed', 'latitude': '-23.417065256877606', 'longitude': '-51.93177829999999'}]","[{'department': 'Departamento de Vendas', 'street': 'Avenida Horácio Racanello Filho', 'neighborhood': 'ZONA 07', 'zip_code': '87020035', 'map': 'https://maps.google.com/maps?q=-23.417065256877606,-51.93177829999999&output=embed', 'latitude': '-23.417065256877606', 'longitude': '-51.93177829999999'}]","[{'department': 'Departamento de Vendas', 'street': 'Avenida Horácio Racanello Filho', 'neighborhood': 'ZONA 07', 'zip_code': '87020035', 'map': 'https://maps.google.com/maps?q=-23.417065256877606,-51.93177829999999&output=embed', 'latitude': '-23.417065256877606', 'longitude': '-51.93177829999999'}]",403abbd3-025d-452c-a355-c14de44986f4,Residencial Soladio Itália II
52af2e20-2da0-4176-b255-ce63d3215930,0,,2,1,1,"46,73","89,00","0,00",0,Venda,289fbbf4-6fd3-47db-85fe-e72772efd6c0,"340.000,00",0,602,6º,420001956,00000696,m2,0,0,0,False,,9321def4-9c0f-4088-a9c8-4cf5e5fb3643,1fd8e4f7-722c-453b-91b4-508f095312b7,Apartamento,,,"[{'name': 'Financiável', 'order': 6}]",[],False,,False,True,0,-23.425370700000002,-51.92438560000001,,"Rua Marcílio Dias,  - Zona 03, Maringá - PR",e430c297-02f1-42b6-ae35-57b8d94b499a,Rua Marcílio Dias,,Zona 03,Maringá,PR,,"[{'id': '17ccb895-d95e-49c7-9b11-b850fce7ed2e', 'description': None, 'url': 'https://media.sub100.com.br/imoveis/4/420001956/420001956am.jpg', 'type': 'photo', 'main': 0}, {'id': 'b2375d4d-0866-48d9-9f67-88dbc37fd5bc', 'description': None, 'url': 'https://s3.amazonaws.com/portal-sub100/imoveis/4/420001956/420001956b.jpg', 'type': 'photo', 'main': 0}, {'id': 'b5e32d3d-70d8-4063-9faf-74c815a58105', 'description': None, 'url': 'https://s3.amazonaws.com/portal-sub100/imoveis/4/420001956/420001956c.jpg', 'type': 'photo', 'main': 0}, {'id': '0149de2d-9d5b-4119-b26d-d001df9472ca', 'description': None, 'url': 'https://s3.amazonaws.com/portal-sub100/imoveis/4/420001956/420001956d.jpg', 'type': 'photo', 'main': 0}, {'id': 'd1a22b2b-1e92-43cb-812c-cf648ea5f92d', 'description': None, 'url': 'https://s3.amazonaws.com/portal-sub100/imoveis/4/420001956/420001956e.jpg', 'type': 'photo', 'main': 0}]",17,befaac6a-9bf6-4540-a2b7-2c4899a6c484,https://s3.amazonaws.com/portal-sub100/clientes/4.png,Bellakaza Negócios Imobiliários,J03051,"Avenida Tiradentes,25 - Zona 02, Maringá - PR",Avenida Tiradentes,25,Zona 02,Maringá,PR,,True,True,True,True,True,4,"[{'id': '6d5d2ac1-6055-4fd6-9c87-d996f43ec45f', 'type': 'email', 'contact': 'venda@bellakaza.com.br', 'order': 1}]","[{'id': '0fd00269-6a50-4c92-a0f9-94da7a0f32da', 'type': 'phone', 'contact': '(44) 3032-3100', 'order': 2}]","[{'id': 'f73550d8-29e8-4424-9749-2b617f87031d', 'type': 'whatsapp', 'contact': '(44) 3032-3100', 'order': 3}]","[{'id': '10f77a77-65d0-42dd-aa88-ff3b6cec1449', 'type': 'email', 'contact': 'vendas@bellakaza.com.br', 'order': 1}]","[{'id': 'c48260dd-d248-47ed-b3e1-24730c942b91', 'type': 'phone', 'contact': '(44) 3032-3100', 'order': 2}]","[{'id': 'b37821c7-255f-4d4f-945d-0009263a19eb', 'type': 'whatsapp', 'contact': '(44) 3032-3100', 'order': 3}]","[{'id': 'c1143331-66bd-4e0b-adb7-b5e04e57eea0', 'type': 'email', 'contact': 'vendas@bellakaza.com.br', 'order': 1}]","[{'id': '7edfcd4d-d1ac-4417-b22e-1f43f42a55ab', 'type': 'phone', 'contact': '(44) 3032-3100', 'order': 2}]","[{'id': '11570dc5-ab7a-4c00-bf4f-f1bdb7c9642a', 'type': 'whatsapp', 'contact': '(44) 3032-3100', 'order': 3}]","[{'id': '3965310e-06b0-4d21-996f-9e5b21ee8414', 'type': 'email', 'contact': 'vendas@bellakaza.com.br', 'order': 1}]","[{'id': '7f25ea4b-4707-4cd7-ba59-cac178bd7e27', 'type': 'phone', 'contact': '(44) 3032-3100', 'order': 2}]","[{'id': '4411c23c-29b1-484d-a8ef-0634628c0cbe', 'type': 'whatsapp', 'contact': '(44) 3032-3100', 'order': 3}]","[{'department': 'Temporada', 'street': 'Avenida Tiradentes', 'neighborhood': 'Zona 02', 'zip_code': '87013340', 'map': 'https://maps.google.com/maps?q=-23.42575986651494,-51.933364183195785&output=embed', 'latitude': '-23.42575986651494', 'longitude': '-51.933364183195785'}]","[{'department': 'Departamento de Locação', 'street': 'Avenida Tiradentes', 'neighborhood': 'Zona 02', 'zip_code': '87013340', 'map': 'https://maps.google.com/maps?q=-23.42575986651494,-51.933364183195785&output=embed', 'latitude': '-23.42575986651494', 'longitude': '-51.933364183195785'}]","[{'department': 'Departamento de Vendas', 'street': 'Avenida Tiradentes', 'neighborhood': 'Zona 02', 'zip_code': '87013340', 'map': 'https://maps.google.com/maps?q=-23.42575986651494,-51.933364183195785&output=embed', 'latitude': '-23.42575986651494', 'longitude': '-51.933364183195785'}]","[{'department': 'Departamento de Vendas', 'street': 'Avenida Tiradentes', 'neighborhood': 'Zona 02', 'zip_code': '87013340', 'map': 'https://maps.google.com/maps?q=-23.42575986651494,-51.933364183195785&output=embed', 'latitude': '-23.42575986651494', 'longitude': '-51.933364183195785'}]",83ff3c84-a25a-47f5-b616-6b5f7f2c1dbd,Morro das Oliveiras
6bd4be05-4bd2-4f5b-a327-9669f7394435,0,,2,1,1,"59,00","95,00","95,00",0,Venda,289fbbf4-6fd3-47db-85fe-e72772efd6c0,"340.000,00",0,,5,62220000165,216,m2,0,0,0,False,,9321def4-9c0f-4088-a9c8-4cf5e5fb3643,1fd8e4f7-722c-453b-91b4-508f095312b7,Apartamento,,,[],[],False,,False,True,0,-13.90108184065817,-50.713421874999995,,"Rua Assunção, 507 - Vila Marumby, Maringá - PR",e430c297-02f1-42b6-ae35-57b8d94b499a,Rua Assunção,507,Vila Marumby,Maringá,PR,,"[{'id': 'dfb27cca-905d-472a-b6da-499590111aa6', 'description': None, 'url': 'https://media.sub100.com.br/imoveis/622/62220000165/62220000165am.jpg', 'type': 'photo', 'main': 0}, {'id': '7a9b2836-b746-4e55-979b-688f7564ad3b', 'description': None, 'url': 'https://s3.amazonaws.com/portal-sub100/imoveis/622/62220000165/62220000165b.jpg', 'type': 'photo', 'main': 0}, {'id': '8fe691ea-e7d4-4870-b433-a74a26a77b72', 'description': None, 'url': 'https://s3.amazonaws.com/portal-sub100/imoveis/622/62220000165/62220000165c.jpg', 'type': 'photo', 'main': 0}, {'id': '4558c900-c24c-4440-8dd5-60e91ad672c4', 'description': None, 'url': 'https://s3.amazonaws.com/portal-sub100/imoveis/622/62220000165/62220000165d.jpg', 'type': 'photo', 'main': 0}, {'id': '72b4ef71-1391-41bb-82fa-fff4e918f363', 'description': None, 'url': 'https://s3.amazonaws.com/portal-sub100/imoveis/622/62220000165/62220000165e.jpg', 'type': 'photo', 'main': 0}]",20,1f9b3a3f-7ec0-4e7a-b85e-cdf611031a98,https://s3.amazonaws.com/portal-sub100/clientes/622.png,Morialle Imóveis,J10452,"Avenida Laguna,2.264 - Zona 03, Maringá - PR",Avenida Laguna,2.264,Zona 03,Maringá,PR,,True,True,True,True,True,622,"[{'id': 'ff27d89b-8624-4b15-a294-99819f069868', 'type': 'email', 'contact': 'morialle@morialleimoveis.com.br', 'order': 1}]","[{'id': 'aa604fbc-86ed-49c6-bf69-61978933b589', 'type': 'phone', 'contact': '(44) 99978-8832', 'order': 2}]","[{'id': '03b622f3-79b4-4aeb-8013-fd94a5aaf1a8', 'type': 'whatsapp', 'contact': '(44) 99978-8832', 'order': 3}]","[{'id': '0bdbca1c-2b91-4e60-969e-8f9de67c1454', 'type': 'email', 'contact': 'morialle@morialleimoveis.com.br', 'order': 1}]","[{'id': '1507b1f0-2a92-44a0-b42a-c3c1637d8dea', 'type': 'phone', 'contact': '(44) 99978-8832', 'order': 2}]","[{'id': 'd4644613-8e71-4503-a2d9-ad162d68f64b', 'type': 'whatsapp', 'contact': '(44) 99978-8832', 'order': 3}]","[{'id': '26412386-b4b3-40ab-b716-a940afb52b10', 'type': 'email', 'contact': 'morialle@morialleimoveis.com.br', 'order': 1}]","[{'id': '2f28ddc9-efa5-4e7e-9047-bd8e1d1ba970', 'type': 'phone', 'contact': '(44) 99978-8832', 'order': 2}]","[{'id': 'b502d094-97ac-46c1-b149-a9fcba295f2e', 'type': 'whatsapp', 'contact': '(44) 99978-8832', 'order': 3}]","[{'id': '448d5de3-01f6-4174-8feb-63d5fed05375', 'type': 'email', 'contact': 'morialle@morialleimoveis.com.br', 'order': 1}]","[{'id': '3d62ecda-c233-4074-9a7c-e9cf4d1a9c8a', 'type': 'phone', 'contact': '(44) 99978-8832', 'order': 2}]","[{'id': 'e7ff5e4f-9323-41ad-a767-15ae7f1faa83', 'type': 'whatsapp', 'contact': '(44) 99978-8832', 'order': 3}]","[{'department': 'Temporada', 'street': 'Avenida Laguna', 'neighborhood': 'Zona 03', 'zip_code': '87050260', 'map': 'https://maps.google.com/maps?q=-23.42835650128386,-51.914884156274084&output=embed', 'latitude': '-23.42835650128386', 'longitude': '-51.914884156274084'}]","[{'department': 'Departamento de Locação', 'street': 'Avenida Laguna', 'neighborhood': 'Zona 03', 'zip_code': '87050260', 'map': 'https://maps.google.com/maps?q=-23.42835650128386,-51.914884156274084&output=embed', 'latitude': '-23.42835650128386', 'longitude': '-51.914884156274084'}]","[{'department': 'Departamento de Vendas', 'street': 'Avenida Laguna', 'neighborhood': 'Zona 03', 'zip_code': '87050260', 'map': 'https://maps.google.com/maps?q=-23.42835650128386,-51.914884156274084&output=embed', 'latitude': '-23.42835650128386', 'longitude': '-51.914884156274084'}]","[{'department': 'Departamento de Vendas', 'street': 'Avenida Laguna', 'neighborhood': 'Zona 03', 'zip_code': '87050260', 'map': 'https://maps.google.com/maps?q=-23.42835650128386,-51.914884156274084&output=embed', 'latitude': '-23.42835650128386', 'longitude': '-51.914884156274084'}]",e6fc03ef-9e7d-4172-bad7-6f3753907098,Residencial Maresias
a7450619-aba6-4e15-992a-3684ef64aad9,0,,3,2,1,"74,69","108,02","0,00",0,Venda,289fbbf4-6fd3-47db-85fe-e72772efd6c0,"349.000,00",0,,,420001644,00000328,m2,0,0,0,False,,9321def4-9c0f-4088-a9c8-4cf5e5fb3643,1fd8e4f7-722c-453b-91b4-508f095312b7,Apartamento,,,"[{'name': 'Financiável', 'order': 6}]",[],False,,False,True,0,-23.416024699999983,-51.9293337,,"Rua Marechal Deodoro, 674 - Zona 07, Maringá - PR",e430c297-02f1-42b6-ae35-57b8d94b499a,Rua Marechal Deodoro,674,Zona 07,Maringá,PR,,"[{'id': '1e0d6317-b74e-4f44-8841-4de4e7ac4899', 'description': None, 'url': 'https://media.sub100.com.br/imoveis/4/420001644/420001644am.jpg', 'type': 'photo', 'main': 0}, {'id': '8fae9b11-19da-4cfe-8921-98f8ef470b33', 'description': None, 'url': 'https://s3.amazonaws.com/portal-sub100/imoveis/4/420001644/420001644b.jpg', 'type': 'photo', 'main': 0}, {'id': 'b3be49a4-7282-4834-9e61-4599b3957b11', 'description': None, 'url': 'https://s3.amazonaws.com/portal-sub100/imoveis/4/420001644/420001644c.jpg', 'type': 'photo', 'main': 0}, {'id': '576916a4-b40b-41db-8e12-0a3449f03de1', 'description': None, 'url': 'https://s3.amazonaws.com/portal-sub100/imoveis/4/420001644/420001644d.jpg', 'type': 'photo', 'main': 0}, {'id': '1981fd40-1954-4d87-b1a0-c8cfc86cd597', 'description': None, 'url': 'https://s3.amazonaws.com/portal-sub100/imoveis/4/420001644/420001644e.jpg', 'type': 'photo', 'main': 0}]",16,befaac6a-9bf6-4540-a2b7-2c4899a6c484,https://s3.amazonaws.com/portal-sub100/clientes/4.png,Bellakaza Negócios Imobiliários,J03051,"Avenida Tiradentes,25 - Zona 02, Maringá - PR",Avenida Tiradentes,25,Zona 02,Maringá,PR,,True,True,True,True,True,4,"[{'id': '6d5d2ac1-6055-4fd6-9c87-d996f43ec45f', 'type': 'email', 'contact': 'venda@bellakaza.com.br', 'order': 1}]","[{'id': '0fd00269-6a50-4c92-a0f9-94da7a0f32da', 'type': 'phone', 'contact': '(44) 3032-3100', 'order': 2}]","[{'id': 'f73550d8-29e8-4424-9749-2b617f87031d', 'type': 'whatsapp', 'contact': '(44) 3032-3100', 'order': 3}]","[{'id': '10f77a77-65d0-42dd-aa88-ff3b6cec1449', 'type': 'email', 'contact': 'vendas@bellakaza.com.br', 'order': 1}]","[{'id': 'c48260dd-d248-47ed-b3e1-24730c942b91', 'type': 'phone', 'contact': '(44) 3032-3100', 'order': 2}]","[{'id': 'b37821c7-255f-4d4f-945d-0009263a19eb', 'type': 'whatsapp', 'contact': '(44) 3032-3100', 'order': 3}]","[{'id': 'c1143331-66bd-4e0b-adb7-b5e04e57eea0', 'type': 'email', 'contact': 'vendas@bellakaza.com.br', 'order': 1}]","[{'id': '7edfcd4d-d1ac-4417-b22e-1f43f42a55ab', 'type': 'phone', 'contact': '(44) 3032-3100', 'order': 2}]","[{'id': '11570dc5-ab7a-4c00-bf4f-f1bdb7c9642a', 'type': 'whatsapp', 'contact': '(44) 3032-3100', 'order': 3}]","[{'id': '3965310e-06b0-4d21-996f-9e5b21ee8414', 'type': 'email', 'contact': 'vendas@bellakaza.com.br', 'order': 1}]","[{'id': '7f25ea4b-4707-4cd7-ba59-cac178bd7e27', 'type': 'phone', 'contact': '(44) 3032-3100', 'order': 2}]","[{'id': '4411c23c-29b1-484d-a8ef-0634628c0cbe', 'type': 'whatsapp', 'contact': '(44) 3032-3100', 'order': 3}]","[{'department': 'Temporada', 'street': 'Avenida Tiradentes', 'neighborhood': 'Zona 02', 'zip_code': '87013340', 'map': 'https://maps.google.com/maps?q=-23.42575986651494,-51.933364183195785&output=embed', 'latitude': '-23.42575986651494', 'longitude': '-51.933364183195785'}]","[{'department': 'Departamento de Locação', 'street': 'Avenida Tiradentes', 'neighborhood': 'Zona 02', 'zip_code': '87013340', 'map': 'https://maps.google.com/maps?q=-23.42575986651494,-51.933364183195785&output=embed', 'latitude': '-23.42575986651494', 'longitude': '-51.933364183195785'}]","[{'department': 'Departamento de Vendas', 'street': 'Avenida Tiradentes', 'neighborhood': 'Zona 02', 'zip_code': '87013340', 'map': 'https://maps.google.com/maps?q=-23.42575986651494,-51.933364183195785&output=embed', 'latitude': '-23.42575986651494', 'longitude': '-51.933364183195785'}]","[{'department': 'Departamento de Vendas', 'street': 'Avenida Tiradentes', 'neighborhood': 'Zona 02', 'zip_code': '87013340', 'map': 'https://maps.google.com/maps?q=-23.42575986651494,-51.933364183195785&output=embed', 'latitude': '-23.42575986651494', 'longitude': '-51.933364183195785'}]",c7c19933-9e1a-4780-be41-88400d2b8971,Mont Blanc
f10a4c28-642e-42de-b857-8b80c8e9119a,1,,2,2,1,"0,00","78,64","150,00",0,Venda,289fbbf4-6fd3-47db-85fe-e72772efd6c0,"369.000,00",0,,,420001950,00000689,m2,0,0,0,False,,9321def4-9c0f-4088-a9c8-4cf5e5fb3643,29269e8e-6d76-44aa-95aa-d303b294cd6d,Casa,,,"[{'name': 'Financiável', 'order': 6}]",[],False,,False,True,0,-23.37701299999999,-51.95159800000001,,"Rua Edézio de Almeida Lima, 160 - Jardim Monte Rei, Maringá - PR",e430c297-02f1-42b6-ae35-57b8d94b499a,Rua Edézio de Almeida Lima,160,Jardim Monte Rei,Maringá,PR,,"[{'id': 'aa484384-5ccf-4b6b-8582-86a444d4f6f1', 'description': None, 'url': 'https://media.sub100.com.br/imoveis/4/420001950/420001950am.jpg', 'type': 'photo', 'main': 0}, {'id': '3809a622-21e1-4f24-9b57-4a9012a5c334', 'description': None, 'url': 'https://s3.amazonaws.com/portal-sub100/imoveis/4/420001950/420001950b.jpg', 'type': 'photo', 'main': 0}, {'id': 'e5f658d0-8d87-4b07-b7fa-86067eda0053', 'description': None, 'url': 'https://s3.amazonaws.com/portal-sub100/imoveis/4/420001950/420001950c.jpg', 'type': 'photo', 'main': 0}, {'id': 'a52647e8-7e81-4531-abaf-407f8e6211e7', 'description': None, 'url': 'https://s3.amazonaws.com/portal-sub100/imoveis/4/420001950/420001950d.jpg', 'type': 'photo', 'main': 0}, {'id': 'd3b89756-7ef7-4436-8bfa-ffd66946528e', 'description': None, 'url': 'https://s3.amazonaws.com/portal-sub100/imoveis/4/420001950/420001950e.jpg', 'type': 'photo', 'main': 0}]",16,befaac6a-9bf6-4540-a2b7-2c4899a6c484,https://s3.amazonaws.com/portal-sub100/clientes/4.png,Bellakaza Negócios Imobiliários,J03051,"Avenida Tiradentes,25 - Zona 02, Maringá - PR",Avenida Tiradentes,25,Zona 02,Maringá,PR,,True,True,True,True,True,4,"[{'id': '6d5d2ac1-6055-4fd6-9c87-d996f43ec45f', 'type': 'email', 'contact': 'venda@bellakaza.com.br', 'order': 1}]","[{'id': '0fd00269-6a50-4c92-a0f9-94da7a0f32da', 'type': 'phone', 'contact': '(44) 3032-3100', 'order': 2}]","[{'id': 'f73550d8-29e8-4424-9749-2b617f87031d', 'type': 'whatsapp', 'contact': '(44) 3032-3100', 'order': 3}]","[{'id': '10f77a77-65d0-42dd-aa88-ff3b6cec1449', 'type': 'email', 'contact': 'vendas@bellakaza.com.br', 'order': 1}]","[{'id': 'c48260dd-d248-47ed-b3e1-24730c942b91', 'type': 'phone', 'contact': '(44) 3032-3100', 'order': 2}]","[{'id': 'b37821c7-255f-4d4f-945d-0009263a19eb', 'type': 'whatsapp', 'contact': '(44) 3032-3100', 'order': 3}]","[{'id': 'c1143331-66bd-4e0b-adb7-b5e04e57eea0', 'type': 'email', 'contact': 'vendas@bellakaza.com.br', 'order': 1}]","[{'id': '7edfcd4d-d1ac-4417-b22e-1f43f42a55ab', 'type': 'phone', 'contact': '(44) 3032-3100', 'order': 2}]","[{'id': '11570dc5-ab7a-4c00-bf4f-f1bdb7c9642a', 'type': 'whatsapp', 'contact': '(44) 3032-3100', 'order': 3}]","[{'id': '3965310e-06b0-4d21-996f-9e5b21ee8414', 'type': 'email', 'contact': 'vendas@bellakaza.com.br', 'order': 1}]","[{'id': '7f25ea4b-4707-4cd7-ba59-cac178bd7e27', 'type': 'phone', 'contact': '(44) 3032-3100', 'order': 2}]","[{'id': '4411c23c-29b1-484d-a8ef-0634628c0cbe', 'type': 'whatsapp', 'contact': '(44) 3032-3100', 'order': 3}]","[{'department': 'Temporada', 'street': 'Avenida Tiradentes', 'neighborhood': 'Zona 02', 'zip_code': '87013340', 'map': 'https://maps.google.com/maps?q=-23.42575986651494,-51.933364183195785&output=embed', 'latitude': '-23.42575986651494', 'longitude': '-51.933364183195785'}]","[{'department': 'Departamento de Locação', 'street': 'Avenida Tiradentes', 'neighborhood': 'Zona 02', 'zip_code': '87013340', 'map': 'https://maps.google.com/maps?q=-23.42575986651494,-51.933364183195785&output=embed', 'latitude': '-23.42575986651494', 'longitude': '-51.933364183195785'}]","[{'department': 'Departamento de Vendas', 'street': 'Avenida Tiradentes', 'neighborhood': 'Zona 02', 'zip_code': '87013340', 'map': 'https://maps.google.com/maps?q=-23.42575986651494,-51.933364183195785&output=embed', 'latitude': '-23.42575986651494', 'longitude': '-51.933364183195785'}]","[{'department': 'Departamento de Vendas', 'street': 'Avenida Tiradentes', 'neighborhood': 'Zona 02', 'zip_code': '87013340', 'map': 'https://maps.google.com/maps?q=-23.42575986651494,-51.933364183195785&output=embed', 'latitude': '-23.42575986651494', 'longitude': '-51.933364183195785'}]",,
a9f4e63f-c4b4-4c4d-bc6f-557adf080085,0,,2,1,1,"55,00","0,00","0,00",0,Venda,289fbbf4-6fd3-47db-85fe-e72772efd6c0,"370.000,00",0,,,48120000536,2-228-339658,m2,0,0,0,False,,9321def4-9c0f-4088-a9c8-4cf5e5fb3643,1fd8e4f7-722c-453b-91b4-508f095312b7,Apartamento,,,[],[],False,,False,True,0,-23.44786400,-51.92000300,,"Rua Ernesto Mariucci, 442 - Jardim Aclimação, Maringá - PR",e430c297-02f1-42b6-ae35-57b8d94b499a,Rua Ernesto Mariucci,442,Jardim Aclimação,Maringá,PR,,"[{'id': 'c3230431-72c1-4820-adfd-eaf632d47bd2', 'description': None, 'url': 'https://media.sub100.com.br/imoveis/481/48120000536/48120000536am.jpg', 'type': 'photo', 'main': 0}, {'id': '0aac058f-867f-4bbb-aa5d-834c65816695', 'description': None, 'url': 'https://s3.amazonaws.com/portal-sub100/imoveis/481/48120000536/48120000536b.jpg', 'type': 'photo', 'main': 0}, {'id': 'd3518ae7-29e7-41ce-9a2b-1d6e9596271d', 'description': None, 'url': 'https://s3.amazonaws.com/portal-sub100/imoveis/481/48120000536/48120000536c.jpg', 'type': 'photo', 'main': 0}, {'id': '90dbfcad-c2e1-4f49-97fb-145bafe15aca', 'description': None, 'url': 'https://s3.amazonaws.com/portal-sub100/imoveis/481/48120000536/48120000536d.jpg', 'type': 'photo', 'main': 0}, {'id': 'd8a05abf-bd9a-4d06-941f-2ca1265ed504', 'description': None, 'url': 'https://s3.amazonaws.com/portal-sub100/imoveis/481/48120000536/48120000536e.jpg', 'type': 'photo', 'main': 0}]",18,123897f5-b367-474a-8f78-069c08cbcc4f,https://s3.amazonaws.com/portal-sub100/clientes/481.png,Marilene Insaurralde,F11007,"Avenida Doutor Gastão Vidigal,1624-B - Zona 08, Maringá - PR",Avenida Doutor Gastão Vidigal,1624-B,Zona 08,Maringá,PR,,True,True,True,True,False,481,"[{'id': '275d715d-6e23-4f24-ab9a-e61c133932cb', 'type': 'email', 'contact': 'insaurraldecorretora@gmail.com', 'order': 1}]","[{'id': 'db4ccf6c-652a-488e-b218-5a8a30dafb66', 'type': 'phone', 'contact': '(44) 3046-4040', 'order': 2}]","[{'id': 'cf690ae1-da7d-46cf-97de-7b7dd8564874', 'type': 'whatsapp', 'contact': '(44) 99948-4040', 'order': 3}]","[{'id': 'f7de3c6d-43c9-43f3-8e68-3eb34a496731', 'type': 'email', 'contact': 'insaurraldecorretora@gmail.com', 'order': 1}]","[{'id': '45c407bc-9007-481f-ab6c-ce8e47c15b08', 'type': 'phone', 'contact': '(44) 3046-4040', 'order': 2}]","[{'id': '2e7965c6-bb96-4478-9299-b79f19706702', 'type': 'whatsapp', 'contact': '(44) 99948-4040', 'order': 3}]","[{'id': '35e3b383-3234-42be-a7d2-68f3fc46f67e', 'type': 'email', 'contact': 'insaurraldecorretora@gmail.com', 'order': 1}]","[{'id': '7fb1c948-0abf-4968-b4a7-a8857b2108e6', 'type': 'phone', 'contact': '(44) 3046-4040', 'order': 2}]","[{'id': '54943f97-a24f-41d3-8b42-4ba85376ecce', 'type': 'whatsapp', 'contact': '(44) 99948-4040', 'order': 3}]","[{'id': 'e461988e-4304-4a7d-aeb4-90b274da91c8', 'type': 'email', 'contact': 'insaurraldecorretora@gmail.com', 'order': 1}]","[{'id': '9a565e97-977b-4193-a205-fa82e300bcc8', 'type': 'phone', 'contact': '(44) 3046-4040', 'order': 2}]","[{'id': '08af3001-25f0-4f6a-8c7d-f54806a8f4ab', 'type': 'whatsapp', 'contact': '(44) 99948-4040', 'order': 3}]","[{'department': 'Temporada', 'street': 'Avenida Doutor Gastão Vidigal', 'neighborhood': 'ZONA 08', 'zip_code': '87050440', 'map': 'https://maps.google.com/maps?q=-23.4431735,-51.9123519&output=embed', 'latitude': '-23.4431735', 'longitude': '-51.9123519'}]","[{'department': 'Departamento de Locação', 'street': 'Avenida Doutor Gastão Vidigal', 'neighborhood': 'ZONA 08', 'zip_code': '87050440', 'map': 'https://maps.google.com/maps?q=-23.4431735,-51.9123519&output=embed', 'latitude': '-23.4431735', 'longitude': '-51.9123519'}]","[{'department': 'Departamento de Vendas', 'street': 'Avenida Doutor Gastão Vidigal', 'neighborhood': 'ZONA 08', 'zip_code': '87050440', 'map': 'https://maps.google.com/maps?q=-23.4431735,-51.9123519&output=embed', 'latitude': '-23.4431735', 'longitude': '-51.9123519'}]","[{'department': 'Departamento de Vendas', 'street': 'Avenida Doutor Gastão Vidigal', 'neighborhood': 'ZONA 08', 'zip_code': '87050440', 'map': 'https://maps.google.com/maps?q=-23.4431735,-51.9123519&output=embed', 'latitude': '-23.4431735', 'longitude': '-51.9123519'}]",,
21eb4870-e171-497a-b785-a9b5a5785177,0,,2,1,1,"55,17","104,40","0,00",0,Venda,289fbbf4-6fd3-47db-85fe-e72772efd6c0,"375.000,00",0,1301,13,66920000012,00000012,m2,0,0,1,False,,9321def4-9c0f-4088-a9c8-4cf5e5fb3643,1fd8e4f7-722c-453b-91b4-508f095312b7,Apartamento,,,"[{'name': 'Financiável', 'order': 6}]",[],False,,False,True,0,-23.4075546,-51.94549940000002,,"Rua Jangada, 403 - Zona 07, Maringá - PR",e430c297-02f1-42b6-ae35-57b8d94b499a,Rua Jangada,403,Zona 07,Maringá,PR,,"[{'id': 'cd5b9bae-cab8-41c1-83c5-751f472eebb7', 'description': None, 'url': 'https://media.sub100.com.br/imoveis/669/66920000012/66920000012am.jpg', 'type': 'photo', 'main': 0}, {'id': '99cde73c-560d-4a5c-b653-981e13e1b6d0', 'description': None, 'url': 'https://s3.amazonaws.com/portal-sub100/imoveis/669/66920000012/66920000012b.jpg', 'type': 'photo', 'main': 0}, {'id': 'e2540a5f-e287-4015-a588-14e6061fe387', 'description': None, 'url': 'https://s3.amazonaws.com/portal-sub100/imoveis/669/66920000012/66920000012c.jpg', 'type': 'photo', 'main': 0}, {'id': 'e969fbe7-93b9-46e0-aeb2-95901c626d18', 'description': None, 'url': 'https://s3.amazonaws.com/portal-sub100/imoveis/669/66920000012/66920000012d.jpg', 'type': 'photo', 'main': 0}, {'id': '0b17dba0-a5b4-4b01-b6a7-58096177c363', 'description': None, 'url': 'https://s3.amazonaws.com/portal-sub100/imoveis/669/66920000012/66920000012e.jpg', 'type': 'photo', 'main': 0}]",11,9a123f5c-eaad-4cf7-9be2-7692f376cf6d,https://s3.amazonaws.com/portal-sub100/clientes/669.png,WEGG Construtora,F02808,"Avenida Advogado Horácio Raccanello Filho,5200 - Zona 07, Maringá - PR",Avenida Advogado Horácio Raccanello Filho,5200,Zona 07,Maringá,PR,,True,True,True,True,True,669,"[{'id': 'ddac9ebd-12af-4293-81c0-aecba2a8cc98', 'type': 'email', 'contact': 'marketing@wegg.com.br', 'order': 1}]","[{'id': 'e080b684-fe83-4596-9ea8-f154eec2f137', 'type': 'phone', 'contact': '(44) 3028-3589', 'order': 2}]","[{'id': '0e1183f7-3021-476c-9a16-97ba4d95b4c6', 'type': 'whatsapp', 'contact': '(44) 99948-8955', 'order': 3}]","[{'id': 'c870b134-a690-4cec-9fff-9e6c23f23247', 'type': 'email', 'contact': 'portais@wegg.com.br', 'order': 1}]","[{'id': '751d83c9-d5aa-4893-a783-160ff062fb03', 'type': 'phone', 'contact': '(44) 3028-3589', 'order': 2}]","[{'id': '7d66e769-fd4b-4ab1-9983-da69d5799783', 'type': 'whatsapp', 'contact': '(44) 99948-8955', 'order': 3}]","[{'id': '79b77897-5504-429b-9d5d-0bbefcfba1be', 'type': 'email', 'contact': 'portais@wegg.com.br', 'order': 1}]","[{'id': '509f9266-a7a7-4f22-9e97-7453007ffb87', 'type': 'phone', 'contact': '(44) 99881-5350', 'order': 2}]","[{'id': '0d444441-f9d7-4763-87da-f36046deb12c', 'type': 'whatsapp', 'contact': '(44) 99881-5350', 'order': 3}]","[{'id': 'fd1249b8-533d-4da9-80b4-cd2b6a56c9c4', 'type': 'email', 'contact': 'portais@wegg.com.br', 'order': 1}]","[{'id': '2d0fb7d5-257a-4cef-9d57-18ba1a8fd872', 'type': 'phone', 'contact': '(44) 3028-3589', 'order': 2}]","[{'id': 'ad210709-e230-4fd2-bb14-89997f735bab', 'type': 'whatsapp', 'contact': '(44) 99948-8955', 'order': 3}]","[{'department': 'Temporada', 'street': 'Avenida Horácio Racanello Filho', 'neighborhood': 'ZONA 07', 'zip_code': '87020035', 'map': 'https://maps.google.com/maps?q=-23.417065256877606,-51.93177829999999&output=embed', 'latitude': '-23.417065256877606', 'longitude': '-51.93177829999999'}]","[{'department': 'Departamento de Locação', 'street': 'Avenida Horácio Racanello Filho', 'neighborhood': 'ZONA 07', 'zip_code': '87020035', 'map': 'https://maps.google.com/maps?q=-23.417065256877606,-51.93177829999999&output=embed', 'latitude': '-23.417065256877606', 'longitude': '-51.93177829999999'}]","[{'department': 'Departamento de Vendas', 'street': 'Avenida Horácio Racanello Filho', 'neighborhood': 'ZONA 07', 'zip_code': '87020035', 'map': 'https://maps.google.com/maps?q=-23.417065256877606,-51.93177829999999&output=embed', 'latitude': '-23.417065256877606', 'longitude': '-51.93177829999999'}]","[{'department': 'Departamento de Vendas', 'street': 'Avenida Horácio Racanello Filho', 'neighborhood': 'ZONA 07', 'zip_code': '87020035', 'map': 'https://maps.google.com/maps?q=-23.417065256877606,-51.93177829999999&output=embed', 'latitude': '-23.417065256877606', 'longitude': '-51.93177829999999'}]",d47aecdd-0490-4029-972d-efd741da3b43,Rouget Village
8e1a9a08-c6be-4388-8eb6-2f3fc5e6649d,1,,1,2,1,"59,00","0,00","0,00",0,Venda,289fbbf4-6fd3-47db-85fe-e72772efd6c0,"380.000,00",0,,,48120000201,2-228-116680,m2,0,0,0,False,,9321def4-9c0f-4088-a9c8-4cf5e5fb3643,1fd8e4f7-722c-453b-91b4-508f095312b7,Apartamento,,,[],[],False,,False,True,0,-23.41762400,-51.95667000,,"Rua Rui Barbosa, 1262 - Zona 07, Maringá - PR",e430c297-02f1-42b6-ae35-57b8d94b499a,Rua Rui Barbosa,1262,Zona 07,Maringá,PR,,"[{'id': '09c8fcab-f6c9-4eb2-9493-3e4f38ec677e', 'description': None, 'url': 'https://media.sub100.com.br/imoveis/481/48120000201/48120000201am.jpg', 'type': 'photo', 'main': 0}, {'id': '720e3492-0f39-4e9e-b5df-b62248a27f03', 'description': None, 'url': 'https://s3.amazonaws.com/portal-sub100/imoveis/481/48120000201/48120000201b.jpg', 'type': 'photo', 'main': 0}, {'id': '5d77b700-dcc6-43bc-9cf1-0dc4c598a511', 'description': None, 'url': 'https://s3.amazonaws.com/portal-sub100/imoveis/481/48120000201/48120000201c.jpg', 'type': 'photo', 'main': 0}, {'id': '186fd6d7-60cd-4149-8f0c-1bb2a9ba83d6', 'description': None, 'url': 'https://s3.amazonaws.com/portal-sub100/imoveis/481/48120000201/48120000201d.jpg', 'type': 'photo', 'main': 0}, {'id': 'b5516fd4-a0e6-486b-99c6-fca230a1722c', 'description': None, 'url': 'https://s3.amazonaws.com/portal-sub100/imoveis/481/48120000201/48120000201e.jpg', 'type': 'photo', 'main': 0}]",14,123897f5-b367-474a-8f78-069c08cbcc4f,https://s3.amazonaws.com/portal-sub100/clientes/481.png,Marilene Insaurralde,F11007,"Avenida Doutor Gastão Vidigal,1624-B - Zona 08, Maringá - PR",Avenida Doutor Gastão Vidigal,1624-B,Zona 08,Maringá,PR,,True,True,True,True,False,481,"[{'id': '275d715d-6e23-4f24-ab9a-e61c133932cb', 'type': 'email', 'contact': 'insaurraldecorretora@gmail.com', 'order': 1}]","[{'id': 'db4ccf6c-652a-488e-b218-5a8a30dafb66', 'type': 'phone', 'contact': '(44) 3046-4040', 'order': 2}]","[{'id': 'cf690ae1-da7d-46cf-97de-7b7dd8564874', 'type': 'whatsapp', 'contact': '(44) 99948-4040', 'order': 3}]","[{'id': 'f7de3c6d-43c9-43f3-8e68-3eb34a496731', 'type': 'email', 'contact': 'insaurraldecorretora@gmail.com', 'order': 1}]","[{'id': '45c407bc-9007-481f-ab6c-ce8e47c15b08', 'type': 'phone', 'contact': '(44) 3046-4040', 'order': 2}]","[{'id': '2e7965c6-bb96-4478-9299-b79f19706702', 'type': 'whatsapp', 'contact': '(44) 99948-4040', 'order': 3}]","[{'id': '35e3b383-3234-42be-a7d2-68f3fc46f67e', 'type': 'email', 'contact': 'insaurraldecorretora@gmail.com', 'order': 1}]","[{'id': '7fb1c948-0abf-4968-b4a7-a8857b2108e6', 'type': 'phone', 'contact': '(44) 3046-4040', 'order': 2}]","[{'id': '54943f97-a24f-41d3-8b42-4ba85376ecce', 'type': 'whatsapp', 'contact': '(44) 99948-4040', 'order': 3}]","[{'id': 'e461988e-4304-4a7d-aeb4-90b274da91c8', 'type': 'email', 'contact': 'insaurraldecorretora@gmail.com', 'order': 1}]","[{'id': '9a565e97-977b-4193-a205-fa82e300bcc8', 'type': 'phone', 'contact': '(44) 3046-4040', 'order': 2}]","[{'id': '08af3001-25f0-4f6a-8c7d-f54806a8f4ab', 'type': 'whatsapp', 'contact': '(44) 99948-4040', 'order': 3}]","[{'department': 'Temporada', 'street': 'Avenida Doutor Gastão Vidigal', 'neighborhood': 'ZONA 08', 'zip_code': '87050440', 'map': 'https://maps.google.com/maps?q=-23.4431735,-51.9123519&output=embed', 'latitude': '-23.4431735', 'longitude': '-51.9123519'}]","[{'department': 'Departamento de Locação', 'street': 'Avenida Doutor Gastão Vidigal', 'neighborhood': 'ZONA 08', 'zip_code': '87050440', 'map': 'https://maps.google.com/maps?q=-23.4431735,-51.9123519&output=embed', 'latitude': '-23.4431735', 'longitude': '-51.9123519'}]","[{'department': 'Departamento de Vendas', 'street': 'Avenida Doutor Gastão Vidigal', 'neighborhood': 'ZONA 08', 'zip_code': '87050440', 'map': 'https://maps.google.com/maps?q=-23.4431735,-51.9123519&output=embed', 'latitude': '-23.4431735', 'longitude': '-51.9123519'}]","[{'department': 'Departamento de Vendas', 'street': 'Avenida Doutor Gastão Vidigal', 'neighborhood': 'ZONA 08', 'zip_code': '87050440', 'map': 'https://maps.google.com/maps?q=-23.4431735,-51.9123519&output=embed', 'latitude': '-23.4431735', 'longitude': '-51.9123519'}]",,
9bb66129-e5d2-42c7-b72c-62f7fafaad31,1,,2,2,2,"0,00","94,00","0,00",1,Venda,289fbbf4-6fd3-47db-85fe-e72772efd6c0,"385.000,00",0,,,21220000953,CA0636,m2,0,0,0,False,,9321def4-9c0f-4088-a9c8-4cf5e5fb3643,29269e8e-6d76-44aa-95aa-d303b294cd6d,Casa,,,[],[],False,,False,True,0,-23.3791198730468750000000000,-51.9273986816406250000000000,,"Rua Allan Kardec,  - Parque Avenida, Maringá - PR",e430c297-02f1-42b6-ae35-57b8d94b499a,Rua Allan Kardec,,Parque Avenida,Maringá,PR,,"[{'id': '31bd932e-f475-4f9b-ad33-4cd01494201f', 'description': None, 'url': 'https://media.sub100.com.br/imoveis/212/21220000953/21220000953am.jpg', 'type': 'photo', 'main': 0}, {'id': '08957cdd-34a7-4809-b0d0-526679e3328f', 'description': None, 'url': 'https://s3.amazonaws.com/portal-sub100/imoveis/212/21220000953/21220000953b.jpg', 'type': 'photo', 'main': 0}, {'id': '21228511-d761-455b-9606-5e99fe1411ea', 'description': None, 'url': 'https://s3.amazonaws.com/portal-sub100/imoveis/212/21220000953/21220000953c.jpg', 'type': 'photo', 'main': 0}, {'id': 'cdce0785-9093-4990-907d-db730b006e8c', 'description': None, 'url': 'https://s3.amazonaws.com/portal-sub100/imoveis/212/21220000953/21220000953d.jpg', 'type': 'photo', 'main': 0}, {'id': '35c465e6-93fa-48c7-b524-a8d5e83fec62', 'description': None, 'url': 'https://s3.amazonaws.com/portal-sub100/imoveis/212/21220000953/21220000953e.jpg', 'type': 'photo', 'main': 0}]",21,904bf4e6-39d9-46d4-b5c8-51dec9516ccc,https://s3.amazonaws.com/portal-sub100/clientes/212.png,Imobiliária Herval,J7137,"Avenida Herval,999, Sala 05 - Zona 07, Maringá - PR",Avenida Herval,999,Zona 07,Maringá,PR,Sala 05,True,True,False,True,False,212,"[{'id': '1b300067-2c80-49a8-801a-0bfb4912e73f', 'type': 'email', 'contact': 'contato@imobiliariaherval.com.br', 'order': 1}]","[{'id': '3db884c6-3776-4d6d-84c3-219de4cd1b9a', 'type': 'phone', 'contact': '(44) 99992-8453', 'order': 2}]","[{'id': '6357d9ac-47ba-4e95-ba3e-07f4d1f11945', 'type': 'whatsapp', 'contact': '(44) 99992-8453', 'order': 3}]","[{'id': '9ef74080-f191-4852-9978-cfaca476c554', 'type': 'email', 'contact': 'imobiliariaherval@contact2sale.com', 'order': 1}]","[{'id': 'c1f237e1-3624-4d52-a7a8-f9e12124abdc', 'type': 'phone', 'contact': '(44) 3226-2626', 'order': 2}]","[{'id': 'e668a995-0f22-4a3f-b8a0-54ab3f08e26e', 'type': 'whatsapp', 'contact': '(44) 99992-8453', 'order': 3}]","[{'id': 'a053c39b-0eac-4fb1-8a70-cdc3e9694a43', 'type': 'email', 'contact': 'imobiliariaherval@contact2sale.com', 'order': 1}]","[{'id': 'f4619a2e-bf75-41f5-8139-6df4a967c89b', 'type': 'phone', 'contact': '(44) 3226-2626', 'order': 2}]","[{'id': '1b215233-9200-4d71-af1e-72a11da8939f', 'type': 'whatsapp', 'contact': '(44) 99992-8453', 'order': 3}]","[{'id': '04116744-9d50-4575-ad37-47bd1ddc136a', 'type': 'email', 'contact': 'contato@imobiliariaherval.com.br', 'order': 1}]","[{'id': 'b6a02ec9-4b32-4dbb-8f69-5b24b124728a', 'type': 'phone', 'contact': '(44) 99992-8453', 'order': 2}]","[{'id': 'd187c87b-af1f-4391-b5b9-808c1a9a1566', 'type': 'whatsapp', 'contact': '(44) 99992-8453', 'order': 3}]","[{'department': 'Temporada', 'street': 'Avenida Herval', 'neighborhood': 'ZONA 07', 'zip_code': '87020016', 'map': 'https://maps.google.com/maps?q=-23.416581106877473,-51.936761849999996&output=embed', 'latitude': '-23.416581106877473', 'longitude': '-51.936761849999996'}]","[{'department': 'Departamento de Locação', 'street': 'Avenida Herval', 'neighborhood': 'ZONA 07', 'zip_code': '87020016', 'map': 'https://maps.google.com/maps?q=-23.416581106877473,-51.936761849999996&output=embed', 'latitude': '-23.416581106877473', 'longitude': '-51.936761849999996'}]","[{'department': 'Lançamento', 'street': 'Avenida Herval', 'neighborhood': 'ZONA 07', 'zip_code': '87020016', 'map': 'https://maps.google.com/maps?q=-23.416581106877473,-51.936761849999996&output=embed', 'latitude': '-23.416581106877473', 'longitude': '-51.936761849999996'}]","[{'department': 'Departamento de Vendas', 'street': 'Avenida Herval', 'neighborhood': 'ZONA 07', 'zip_code': '87020016', 'map': 'https://maps.google.com/maps?q=-23.416581106877473,-51.936761849999996&output=embed', 'latitude': '-23.416581106877473', 'longitude': '-51.936761849999996'}]",,
b6ad34ff-fc76-4cfa-b7d6-519981ab4c2f,0,,3,2,2,"0,00","120,00","0,00",1,Venda,289fbbf4-6fd3-47db-85fe-e72772efd6c0,"390.000,00",0,,,21220002577,CA1127,m2,0,0,0,False,,9321def4-9c0f-4088-a9c8-4cf5e5fb3643,29269e8e-6d76-44aa-95aa-d303b294cd6d,Casa,,,[],[],False,,False,True,0,-23.4571330835944850000000000,-51.9352184617414200000000000,,"Rua Galáxia,  - Jardim Universo, Maringá - PR",e430c297-02f1-42b6-ae35-57b8d94b499a,Rua Galáxia,,Jardim Universo,Maringá,PR,,"[{'id': '333d91f8-51cc-479b-8f38-c188e50a2bdf', 'description': None, 'url': 'https://media.sub100.com.br/imoveis/212/21220002577/21220002577am.jpg', 'type': 'photo', 'main': 0}, {'id': '80658c0e-bce0-42a4-9191-2a4a3084ab90', 'description': None, 'url': 'https://s3.amazonaws.com/portal-sub100/imoveis/212/21220002577/21220002577b.jpg', 'type': 'photo', 'main': 0}, {'id': 'be4fb28a-6ad6-4229-b8df-bb41574f959c', 'description': None, 'url': 'https://s3.amazonaws.com/portal-sub100/imoveis/212/21220002577/21220002577c.jpg', 'type': 'photo', 'main': 0}, {'id': '5fe826be-a52d-4a72-b816-dc456f1050b4', 'description': None, 'url': 'https://s3.amazonaws.com/portal-sub100/imoveis/212/21220002577/21220002577d.jpg', 'type': 'photo', 'main': 0}, {'id': '72bca7cc-79ae-4ef9-8f86-877df2f103a2', 'description': None, 'url': 'https://s3.amazonaws.com/portal-sub100/imoveis/212/21220002577/21220002577e.jpg', 'type': 'photo', 'main': 0}]",12,904bf4e6-39d9-46d4-b5c8-51dec9516ccc,https://s3.amazonaws.com/portal-sub100/clientes/212.png,Imobiliária Herval,J7137,"Avenida Herval,999, Sala 05 - Zona 07, Maringá - PR",Avenida Herval,999,Zona 07,Maringá,PR,Sala 05,True,True,False,True,False,212,"[{'id': '1b300067-2c80-49a8-801a-0bfb4912e73f', 'type': 'email', 'contact': 'contato@imobiliariaherval.com.br', 'order': 1}]","[{'id': '3db884c6-3776-4d6d-84c3-219de4cd1b9a', 'type': 'phone', 'contact': '(44) 99992-8453', 'order': 2}]","[{'id': '6357d9ac-47ba-4e95-ba3e-07f4d1f11945', 'type': 'whatsapp', 'contact': '(44) 99992-8453', 'order': 3}]","[{'id': '9ef74080-f191-4852-9978-cfaca476c554', 'type': 'email', 'contact': 'imobiliariaherval@contact2sale.com', 'order': 1}]","[{'id': 'c1f237e1-3624-4d52-a7a8-f9e12124abdc', 'type': 'phone', 'contact': '(44) 3226-2626', 'order': 2}]","[{'id': 'e668a995-0f22-4a3f-b8a0-54ab3f08e26e', 'type': 'whatsapp', 'contact': '(44) 99992-8453', 'order': 3}]","[{'id': 'a053c39b-0eac-4fb1-8a70-cdc3e9694a43', 'type': 'email', 'contact': 'imobiliariaherval@contact2sale.com', 'order': 1}]","[{'id': 'f4619a2e-bf75-41f5-8139-6df4a967c89b', 'type': 'phone', 'contact': '(44) 3226-2626', 'order': 2}]","[{'id': '1b215233-9200-4d71-af1e-72a11da8939f', 'type': 'whatsapp', 'contact': '(44) 99992-8453', 'order': 3}]","[{'id': '04116744-9d50-4575-ad37-47bd1ddc136a', 'type': 'email', 'contact': 'contato@imobiliariaherval.com.br', 'order': 1}]","[{'id': 'b6a02ec9-4b32-4dbb-8f69-5b24b124728a', 'type': 'phone', 'contact': '(44) 99992-8453', 'order': 2}]","[{'id': 'd187c87b-af1f-4391-b5b9-808c1a9a1566', 'type': 'whatsapp', 'contact': '(44) 99992-8453', 'order': 3}]","[{'department': 'Temporada', 'street': 'Avenida Herval', 'neighborhood': 'ZONA 07', 'zip_code': '87020016', 'map': 'https://maps.google.com/maps?q=-23.416581106877473,-51.936761849999996&output=embed', 'latitude': '-23.416581106877473', 'longitude': '-51.936761849999996'}]","[{'department': 'Departamento de Locação', 'street': 'Avenida Herval', 'neighborhood': 'ZONA 07', 'zip_code': '87020016', 'map': 'https://maps.google.com/maps?q=-23.416581106877473,-51.936761849999996&output=embed', 'latitude': '-23.416581106877473', 'longitude': '-51.936761849999996'}]","[{'department': 'Lançamento', 'street': 'Avenida Herval', 'neighborhood': 'ZONA 07', 'zip_code': '87020016', 'map': 'https://maps.google.com/maps?q=-23.416581106877473,-51.936761849999996&output=embed', 'latitude': '-23.416581106877473', 'longitude': '-51.936761849999996'}]","[{'department': 'Departamento de Vendas', 'street': 'Avenida Herval', 'neighborhood': 'ZONA 07', 'zip_code': '87020016', 'map': 'https://maps.google.com/maps?q=-23.416581106877473,-51.936761849999996&output=embed', 'latitude': '-23.416581106877473', 'longitude': '-51.936761849999996'}]",,
005c59c3-a5bc-4ad7-82c2-6ee0502108fa,1,,2,2,1,"108,24","154,38","0,00",0,Venda,289fbbf4-6fd3-47db-85fe-e72772efd6c0,"390.000,00",0,301,3º,420001935,00000666,m2,0,0,0,False,,9321def4-9c0f-4088-a9c8-4cf5e5fb3643,1fd8e4f7-722c-453b-91b4-508f095312b7,Apartamento,,,[],[],False,,False,True,0,-23.4263053,-51.93331329999999,,"Avenida São Paulo, 1506 - Zona 02, Maringá - PR",e430c297-02f1-42b6-ae35-57b8d94b499a,Avenida São Paulo,1506,Zona 02,Maringá,PR,,"[{'id': '4ff08639-8a8c-4d3d-b6cc-a8967f23fcd3', 'description': None, 'url': 'https://media.sub100.com.br/imoveis/4/420001935/420001935am.jpg', 'type': 'photo', 'main': 0}, {'id': '6b7bd5f0-4d5b-4b72-a803-5ba53739a090', 'description': None, 'url': 'https://s3.amazonaws.com/portal-sub100/imoveis/4/420001935/420001935b.jpg', 'type': 'photo', 'main': 0}, {'id': '0bfc2154-b4ad-4f16-8734-0aa4efbbdf27', 'description': None, 'url': 'https://s3.amazonaws.com/portal-sub100/imoveis/4/420001935/420001935c.jpg', 'type': 'photo', 'main': 0}, {'id': 'd66c296d-6962-4a10-85f2-af770e57be02', 'description': None, 'url': 'https://s3.amazonaws.com/portal-sub100/imoveis/4/420001935/420001935d.jpg', 'type': 'photo', 'main': 0}, {'id': '20252bad-b71b-4be5-ab4a-f4100d371064', 'description': None, 'url': 'https://s3.amazonaws.com/portal-sub100/imoveis/4/420001935/420001935e.jpg', 'type': 'photo', 'main': 0}]",22,befaac6a-9bf6-4540-a2b7-2c4899a6c484,https://s3.amazonaws.com/portal-sub100/clientes/4.png,Bellakaza Negócios Imobiliários,J03051,"Avenida Tiradentes,25 - Zona 02, Maringá - PR",Avenida Tiradentes,25,Zona 02,Maringá,PR,,True,True,True,True,True,4,"[{'id': '6d5d2ac1-6055-4fd6-9c87-d996f43ec45f', 'type': 'email', 'contact': 'venda@bellakaza.com.br', 'order': 1}]","[{'id': '0fd00269-6a50-4c92-a0f9-94da7a0f32da', 'type': 'phone', 'contact': '(44) 3032-3100', 'order': 2}]","[{'id': 'f73550d8-29e8-4424-9749-2b617f87031d', 'type': 'whatsapp', 'contact': '(44) 3032-3100', 'order': 3}]","[{'id': '10f77a77-65d0-42dd-aa88-ff3b6cec1449', 'type': 'email', 'contact': 'vendas@bellakaza.com.br', 'order': 1}]","[{'id': 'c48260dd-d248-47ed-b3e1-24730c942b91', 'type': 'phone', 'contact': '(44) 3032-3100', 'order': 2}]","[{'id': 'b37821c7-255f-4d4f-945d-0009263a19eb', 'type': 'whatsapp', 'contact': '(44) 3032-3100', 'order': 3}]","[{'id': 'c1143331-66bd-4e0b-adb7-b5e04e57eea0', 'type': 'email', 'contact': 'vendas@bellakaza.com.br', 'order': 1}]","[{'id': '7edfcd4d-d1ac-4417-b22e-1f43f42a55ab', 'type': 'phone', 'contact': '(44) 3032-3100', 'order': 2}]","[{'id': '11570dc5-ab7a-4c00-bf4f-f1bdb7c9642a', 'type': 'whatsapp', 'contact': '(44) 3032-3100', 'order': 3}]","[{'id': '3965310e-06b0-4d21-996f-9e5b21ee8414', 'type': 'email', 'contact': 'vendas@bellakaza.com.br', 'order': 1}]","[{'id': '7f25ea4b-4707-4cd7-ba59-cac178bd7e27', 'type': 'phone', 'contact': '(44) 3032-3100', 'order': 2}]","[{'id': '4411c23c-29b1-484d-a8ef-0634628c0cbe', 'type': 'whatsapp', 'contact': '(44) 3032-3100', 'order': 3}]","[{'department': 'Temporada', 'street': 'Avenida Tiradentes', 'neighborhood': 'Zona 02', 'zip_code': '87013340', 'map': 'https://maps.google.com/maps?q=-23.42575986651494,-51.933364183195785&output=embed', 'latitude': '-23.42575986651494', 'longitude': '-51.933364183195785'}]","[{'department': 'Departamento de Locação', 'street': 'Avenida Tiradentes', 'neighborhood': 'Zona 02', 'zip_code': '87013340', 'map': 'https://maps.google.com/maps?q=-23.42575986651494,-51.933364183195785&output=embed', 'latitude': '-23.42575986651494', 'longitude': '-51.933364183195785'}]","[{'department': 'Departamento de Vendas', 'street': 'Avenida Tiradentes', 'neighborhood': 'Zona 02', 'zip_code': '87013340', 'map': 'https://maps.google.com/maps?q=-23.42575986651494,-51.933364183195785&output=embed', 'latitude': '-23.42575986651494', 'longitude': '-51.933364183195785'}]","[{'department': 'Departamento de Vendas', 'street': 'Avenida Tiradentes', 'neighborhood': 'Zona 02', 'zip_code': '87013340', 'map': 'https://maps.google.com/maps?q=-23.42575986651494,-51.933364183195785&output=embed', 'latitude': '-23.42575986651494', 'longitude': '-51.933364183195785'}]",0809289c-9cd1-4f61-8053-38396b9a8f10,Ingá Parque
